0.00433730008081,-0.0037847335916,0.78605890274,0.999851465225,0.00765849370509,-0.009311969392,-0.0123162996024,-0.116913795471,-0.00417362106964,0.0490228012204,0.287575781345,-0.157717257738,-0.0204988196492,-0.148681789637,-0.0145259387791,0.00701270950958,0.330465048552,-0.202564552426,-0.00420432863757,0.0301691051573,-0.0279072206467,0.0619716085494,0.593606889248,0.506341099739,-0.179052874446,0.382600486279,-0.0532007180154,-0.0685748383403,0.0232692658901,0.593135535717,-0.466781646013,0.0778723582625,0.438312441111,-0.187088191509,-0.166452765465,0.0814313590527
0.008002249524,-0.00224808626808,0.78567135334,0.999918878078,0.0100773898885,-0.00683641154319,-0.0037501079496,-0.109934464097,-0.0156335737556,0.0399231612682,0.255806654692,-0.141744986176,-0.0318416133523,-0.146816775203,-0.0338730290532,-0.0167351979762,0.326914519072,-0.202765405178,-0.000378313881811,0.0176672041416,-0.0293326769024,0.0530802682042,0.58514893055,0.512563943863,-0.156694322824,0.425761908293,-0.0489146560431,-0.0766710489988,0.014198038727,0.593443930149,-0.4784488976,0.076670922339,0.478835254908,-0.16134545207,-0.174099907279,0.0654243603349
0.00946005806327,-0.00259853410535,0.785452306271,0.999920368195,0.0101089570671,-0.00695017585531,-0.00295835593715,-0.108790747821,-0.0148406466469,0.0413520224392,0.251794815063,-0.138505280018,-0.0316309705377,-0.144290238619,-0.0347417704761,-0.0185603592545,0.32485589385,-0.200719952583,0.00142576452345,0.0171480420977,-0.0273790229112,0.053021080792,0.582685232162,0.511787116528,-0.156658396125,0.435164898634,-0.0504318512976,-0.0765204206109,0.0105446623638,0.591745138168,-0.477298825979,0.0806909874082,0.484764665365,-0.158138900995,-0.177302822471,0.0655876398087
0.0104285478592,-0.00303883315064,0.785265982151,0.999923527241,0.0099969105795,-0.00661218166351,-0.00304604228586,-0.108450569212,-0.0136151984334,0.0439557284117,0.248629391193,-0.136379107833,-0.0311889275908,-0.1437458992,-0.0341567285359,-0.0184642430395,0.321886092424,-0.197382077575,0.00154253072105,0.0179266557097,-0.0250577237457,0.0526025481522,0.581516683102,0.511728942394,-0.159804016352,0.441865056753,-0.048971734941,-0.0783403813839,0.00990753807127,0.588559091091,-0.47609987855,0.0830067023635,0.492994636297,-0.158884584904,-0.179054141045,0.063794106245
0.011029291898,-0.00347857852466,0.785153269768,0.999926924706,0.00980911590159,-0.00605683168396,-0.00362900295295,-0.108725875616,-0.0122760003433,0.0466171577573,0.246782839298,-0.135377824306,-0.0303793475032,-0.144299909472,-0.0328168384731,-0.0171009525657,0.319077312946,-0.194132566452,0.00102241081186,0.0189198870212,-0.0226013828069,0.0526302531362,0.580330967903,0.511655092239,-0.164746776223,0.445483088493,-0.0455310232937,-0.0801469385624,0.0111814234406,0.584578692913,-0.473579257727,0.0839865356684,0.501251220703,-0.161314547062,-0.177912756801,0.0613280162215
0.011901602149,-0.00357447355054,0.785092711449,0.999929487705,0.00957897026092,-0.00558077730238,-0.00424540694803,-0.109308451414,-0.0114494841546,0.0490100905299,0.246395125985,-0.136061400175,-0.0291989836842,-0.145838096738,-0.0311581175774,-0.0144212506711,0.319192230701,-0.192663446069,0.00102722167503,0.0195120200515,-0.0203558579087,0.0539234504104,0.579622387886,0.512387573719,-0.171114698052,0.446239411831,-0.039188914001,-0.0803843587637,0.0124139916152,0.579889416695,-0.469274461269,0.0851352140307,0.506458878517,-0.162329882383,-0.173654973507,0.0570132285357
0.0145121999085,-0.00312320725061,0.785390913486,0.999938845634,0.00869725923985,-0.00606770953164,-0.00313925626688,-0.112703837454,-0.0086283441633,0.042933549732,0.254519760609,-0.132094949484,-0.0242403037846,-0.143874898553,-0.0293505024165,-0.0123791154474,0.31414654851,-0.188305869699,-0.000506366952322,0.0202663075179,-0.0183007419109,0.0564449056983,0.575793087482,0.516870558262,-0.177472278476,0.446690827608,-0.0369487628341,-0.0787748545408,0.0139685124159,0.57417845726,-0.457779705524,0.0770789384842,0.510353028774,-0.166853278875,-0.174257308245,0.0530095435679
0.0145510891452,-0.00320179876871,0.784924864769,0.99993032217,0.00931800249964,-0.00548706902191,-0.00473303999752,-0.111507669091,-0.00963988527656,0.052792750299,0.252407193184,-0.138526812196,-0.0284683275968,-0.148483559489,-0.0303506143391,-0.0138887129724,0.324815034866,-0.19156076014,0.00273390370421,0.0186346545815,-0.0180514603853,0.0586653798819,0.580428540707,0.514191806316,-0.178196206689,0.444174468517,-0.0274829845876,-0.0812356621027,0.0134942512959,0.576621234417,-0.458189308643,0.0861356928945,0.505431890488,-0.180204853415,-0.168497294188,0.0483019500971
0.0213024187833,-0.00332073541358,0.784865438938,0.999932765961,0.00905301235616,-0.00483087589964,-0.00539813237265,-0.115155473351,-0.0082472069189,0.053461804986,0.256374388933,-0.139601543546,-0.0292712338269,-0.150307893753,-0.0293149854988,-0.0127452220768,0.324460744858,-0.190210670233,0.00248835189268,0.0182595197111,-0.0179024618119,0.0590106099844,0.581111907959,0.514501333237,-0.179608613253,0.441098451614,-0.0272028166801,-0.084345497191,0.0145131954923,0.57550662756,-0.455289900303,0.0878028944135,0.501729130745,-0.189349114895,-0.170815378428,0.0480688326061
0.0234244018793,-0.00366493104957,0.784778237343,0.999937415123,0.00872951932251,-0.00406348891556,-0.00569682754576,-0.117622211576,-0.00699166627601,0.0533639490604,0.257910400629,-0.14047729969,-0.0296857934445,-0.151415124536,-0.0281310118735,-0.0112213697284,0.322822839022,-0.188649535179,0.00160418380983,0.0171196516603,-0.0178796667606,0.0582312978804,0.581747174263,0.514376699924,-0.180344700813,0.439823806286,-0.029746811837,-0.0869692489505,0.0150882089511,0.575339257717,-0.454082608223,0.0878466591239,0.498951584101,-0.193724170327,-0.172356188297,0.0471670851111
0.0254348888993,-0.00413462286815,0.784765541553,0.999943196774,0.00827558059245,-0.00336518534459,-0.00580816296861,-0.119340486825,-0.00567955430597,0.0526976622641,0.258672714233,-0.141048699617,-0.0294134058058,-0.151859685779,-0.0270303804427,-0.0105199990794,0.320493996143,-0.186561867595,0.000495221291203,0.0159522164613,-0.0176673550159,0.0571249015629,0.581896662712,0.514910101891,-0.181071341038,0.440433204174,-0.0324296168983,-0.0884305611253,0.0160499569029,0.57618868351,-0.453299850225,0.0856451392174,0.49780485034,-0.194868445396,-0.172600418329,0.0456585399806
0.027571471408,-0.0044136531651,0.784831106663,0.999949634075,0.00775675056502,-0.00285859033465,-0.00569059886038,-0.12099070102,-0.00449572131038,0.0528080500662,0.259642064571,-0.141644582152,-0.0283521767706,-0.151881828904,-0.0257634166628,-0.0097097652033,0.318248510361,-0.184611052275,-0.000125577716972,0.0150279644877,-0.0172965545207,0.0558058992028,0.582891523838,0.516405344009,-0.18147520721,0.441709965467,-0.0329726077616,-0.0884681344032,0.0179528575391,0.578262090683,-0.451539158821,0.0825852304697,0.496968239546,-0.192836731672,-0.170583307743,0.0438659414649
0.0265365112573,-0.00426991377026,0.78518730402,0.999960243702,0.00664584850892,-0.0033547130879,-0.00491006346419,-0.121455609798,-0.00191090942826,0.0450836978853,0.264866173267,-0.139031335711,-0.0234624389559,-0.147587299347,-0.0231044329703,-0.00786173157394,0.308552265167,-0.178762093186,-0.00273864180781,0.0153907127678,-0.0156728439033,0.0571861304343,0.581602931023,0.516184687614,-0.179778262973,0.44611504674,-0.0373272038996,-0.088082678616,0.025492766872,0.574489116669,-0.440231978893,0.0741485208273,0.503156661987,-0.189183652401,-0.169962137938,0.0424522347748
0.0317866280675,-0.00445706350729,0.785052955151,0.999955415726,0.00696169026196,-0.00204541673884,-0.00604655826464,-0.124230585992,-0.00258799572475,0.0540026985109,0.263338118792,-0.143839836121,-0.0266578309238,-0.15130315721,-0.023642424494,-0.00772827723995,0.315831720829,-0.182563945651,0.000354325486114,0.0149465519935,-0.0171291138977,0.0526253692806,0.58599960804,0.517529070377,-0.179802253842,0.444371551275,-0.03903728351,-0.091388002038,0.0187834538519,0.582692563534,-0.446863174438,0.0803732797503,0.494999945164,-0.186673760414,-0.167494222522,0.0403202772141
0.0332461409271,-0.00440256064758,0.785168349743,0.999953329563,0.00661475723609,-0.00180295214523,-0.00681166863069,-0.126820638776,-0.000377183896489,0.0577003099024,0.268164306879,-0.145644932985,-0.0267371628433,-0.151806682348,-0.0223010405898,-0.00646214513108,0.314853966236,-0.182262450457,0.000562561908737,0.0158964823931,-0.0172711331397,0.0520772710443,0.587831318378,0.516563534737,-0.177097886801,0.442269772291,-0.0403693802655,-0.0934952124953,0.0207950957119,0.583185791969,-0.445329040289,0.0814617276192,0.49506688118,-0.189568907022,-0.167260423303,0.0413955487311
0.0333173833787,-0.00430981209502,0.785223484039,0.999948084354,0.0062323291786,-0.00175937649328,-0.00786315370351,-0.12827154994,0.00207484001294,0.0608883313835,0.271955758333,-0.147413611412,-0.0270885489881,-0.151236250997,-0.02073928155,-0.00444600125775,0.312274456024,-0.180478945374,-4.93654333695e-05,0.0163145624101,-0.0173990353942,0.0523062087595,0.588943183422,0.514618992805,-0.175010129809,0.439453274012,-0.0393626205623,-0.0951490029693,0.0228879507631,0.581908106804,-0.444865822792,0.0815167352557,0.494628697634,-0.194962397218,-0.167501375079,0.0426042713225
0.031975094229,-0.00424163229764,0.785302460194,0.999940693378,0.00593238696456,-0.00175688543823,-0.00896241422743,-0.128871768713,0.00357726914808,0.0620423592627,0.274001598358,-0.149127006531,-0.0271465033293,-0.150682345033,-0.019332004711,-0.00205483939499,0.309890955687,-0.178487747908,-0.000952526926994,0.016423298046,-0.0177087020129,0.0520225651562,0.589071631432,0.513134360313,-0.174479618669,0.437651246786,-0.0372167415917,-0.0960498005152,0.0240591112524,0.579838514328,-0.445046752691,0.0814489424229,0.493795543909,-0.197467580438,-0.166338562965,0.0437041446567
0.0314217805862,-0.00426325108856,0.785388290882,0.999935925007,0.00558643229306,-0.00196753279306,-0.00964796543121,-0.129274442792,0.00478757126257,0.0629183650017,0.27564111352,-0.15085953474,-0.0271353088319,-0.149997293949,-0.018262013793,-0.000520686793607,0.307456761599,-0.176838666201,-0.00172724400181,0.0166085250676,-0.0179879926145,0.0521645545959,0.588665008545,0.512763857841,-0.174559816718,0.436206579208,-0.0325141586363,-0.0958674028516,0.0245612766594,0.577562153339,-0.444939047098,0.0833706483245,0.494031667709,-0.19641430676,-0.164219588041,0.0463319644332
0.0291039869189,-0.00360071705654,0.785529971123,0.999946534634,0.00463524833322,-0.00275646965019,-0.00882388278842,-0.128454267979,0.0070627797395,0.055074069649,0.279271513224,-0.147849559784,-0.0242019481957,-0.146564632654,-0.0163171943277,-0.000437508831965,0.29954007268,-0.172993898392,-0.00374005013146,0.0169804077595,-0.0165025386959,0.054268784821,0.58246588707,0.510030508041,-0.176293537021,0.446199893951,-0.0325811244547,-0.0950298532844,0.0309488289058,0.57011693716,-0.434007406235,0.077762439847,0.506386101246,-0.196231469512,-0.163848757744,0.0451550781727
0.0337966792285,-0.00476041343063,0.785510659218,0.999940574169,0.00478405458853,-0.00281917490065,-0.00938100088388,-0.130516752601,0.00628765532747,0.0622275769711,0.280894398689,-0.154336482286,-0.0266803000122,-0.147717341781,-0.0170782376081,-0.00229234062135,0.305981427431,-0.175782978535,-0.0011146197794,0.016215339303,-0.0180330090225,0.0519373901188,0.58833771944,0.512444555759,-0.175724923611,0.439796924591,-0.0303964838386,-0.0968446061015,0.0255774836987,0.575646996498,-0.444636970758,0.0870748534799,0.494815438986,-0.188058152795,-0.162168070674,0.0461887456477
0.0348184034228,-0.00518945604563,0.785556793213,0.999945700169,0.004478556104,-0.00364257162437,-0.00867451447994,-0.131509810686,0.00735938269645,0.0632899478078,0.285374909639,-0.156943917274,-0.0271182432771,-0.146149724722,-0.0170129351318,-0.00421177782118,0.30626693368,-0.177520349622,-0.0011122263968,0.0162259433419,-0.0183254051954,0.0533634275198,0.587242603302,0.512915015221,-0.175085440278,0.440858602524,-0.0319184064865,-0.0980835333467,0.0257785432041,0.575531899929,-0.445394277573,0.0895339101553,0.493878185749,-0.186252251267,-0.161951079965,0.0471954979002
0.0356715023518,-0.00569471064955,0.785540938377,0.999952197075,0.0043414272368,-0.00448273029178,-0.00753075722605,-0.131896540523,0.00816226843745,0.0640596225858,0.289484113455,-0.158353716135,-0.027522103861,-0.144346430898,-0.0174612626433,-0.00582365272567,0.306726276875,-0.17893075943,-0.00208463589661,0.0157019663602,-0.0188250746578,0.0551577955484,0.585867464542,0.513024687767,-0.174027219415,0.441249787807,-0.031228935346,-0.0996963828802,0.0276055391878,0.576115190983,-0.446217626333,0.0895367115736,0.493277490139,-0.188375681639,-0.161186352372,0.0486376956105
0.0244135204703,-0.00641530426219,0.785560905933,0.999954998493,0.00430641975254,-0.00518251257017,-0.00667870277539,-0.131622448564,0.00795401260257,0.0630238950253,0.292067676783,-0.1594915241,-0.0272008255124,-0.142870202661,-0.017887936905,-0.00712712435052,0.307657599449,-0.180289581418,-0.00303746876307,0.0150588788092,-0.0193370450288,0.0558295100927,0.585330605507,0.512476682663,-0.173645824194,0.44096416235,-0.0298840478063,-0.100889392197,0.0286265034229,0.576028347015,-0.446965485811,0.0876813754439,0.491861760616,-0.189804777503,-0.159408524632,0.0481706783175
0.0269836261868,-0.00745928520337,0.785558640957,0.999955356121,0.00442630751058,-0.00578833278269,-0.00601581251249,-0.130999922752,0.00755272991955,0.0629449486732,0.293285429478,-0.16034719348,-0.0267857909203,-0.142484799027,-0.0185483302921,-0.00799978058785,0.309165894985,-0.181560456753,-0.00359951565042,0.015363545157,-0.0199706126004,0.0557537972927,0.586224555969,0.51189905405,-0.172321110964,0.436210811138,-0.0279623959213,-0.101762011647,0.0284428372979,0.576879441738,-0.447923839092,0.0873490646482,0.490054607391,-0.19432541728,-0.157093599439,0.0492459833622
0.032601505518,-0.00619345670566,0.785658180714,0.99996137619,0.00373482331634,-0.00657342607155,-0.00447644898668,-0.129122763872,0.00804980378598,0.0537737086415,0.295331269503,-0.156101405621,-0.0248317494988,-0.138813599944,-0.0181922651827,-0.0107389604673,0.302375018597,-0.178561776876,-0.00535143585876,0.0167483873665,-0.0190807078034,0.0560327060521,0.58505654335,0.511226654053,-0.17030544579,0.437066614628,-0.032851703465,-0.100817851722,0.0292564891279,0.576739370823,-0.438913464546,0.0806761756539,0.495481312275,-0.200465634465,-0.156943261623,0.0508668608963
0.0319675058126,-0.00900426506996,0.785444557667,0.999952673912,0.00474999658763,-0.00661769649014,-0.00531932199374,-0.127688154578,0.00605205213651,0.0613078512251,0.29100689292,-0.161442905664,-0.026268562302,-0.141837671399,-0.0197679977864,-0.0103310113773,0.311791807413,-0.181525453925,-0.00388478231616,0.0167759750038,-0.0207579489797,0.0526453964412,0.592283844948,0.509790360928,-0.166774570942,0.425336390734,-0.0344229117036,-0.105630151927,0.0254174619913,0.583003103733,-0.44909799099,0.0872013866901,0.488109439611,-0.197053775191,-0.157470613718,0.0496398545802
0.034641943872,-0.00975321978331,0.785485982895,0.999947190285,0.00495429057628,-0.00707916496322,-0.00556819932535,-0.12587416172,0.00593877770007,0.0630540177226,0.289779365063,-0.162135437131,-0.026167422533,-0.141442701221,-0.0200166013092,-0.0101966662332,0.312603384256,-0.182577162981,-0.00454559642822,0.0185535941273,-0.0211012773216,0.0514272637665,0.596472918987,0.50868499279,-0.162090793252,0.417099565268,-0.0420297048986,-0.107103273273,0.0240975823253,0.586563050747,-0.45018824935,0.0884922966361,0.485258132219,-0.198111072183,-0.159300714731,0.0512283928692
0.0357362851501,-0.0103448051959,0.785523533821,0.999943375587,0.00506146950647,-0.00731135718524,-0.00584997190163,-0.124448999763,0.00610237009823,0.0643593668938,0.288868695498,-0.162388712168,-0.0258236452937,-0.140757575631,-0.0201276354492,-0.00970649439842,0.312200605869,-0.183978378773,-0.00637415191159,0.0194846596569,-0.0212518889457,0.050053909421,0.599839091301,0.507931888103,-0.158368423581,0.409538984299,-0.0472937338054,-0.108383610845,0.0239826086909,0.589976608753,-0.451127946377,0.0876790210605,0.481318771839,-0.201545968652,-0.161213800311,0.0522692538798
0.035571411252,-0.0108053991571,0.785631597042,0.999942839146,0.00528291705996,-0.00718110008165,-0.00589883327484,-0.122784160078,0.00546827586368,0.0643751323223,0.2866320014,-0.162303075194,-0.0248615499586,-0.140440821648,-0.0202395059168,-0.00863684527576,0.311725944281,-0.184980630875,-0.00847194436938,0.0194839425385,-0.0217716246843,0.0480282604694,0.603743553162,0.507703661919,-0.157008230686,0.403357923031,-0.0520734786987,-0.110088579357,0.024437379092,0.5932533741,-0.452338814735,0.0850465446711,0.474849611521,-0.207150042057,-0.161252588034,0.0529216900468
0.035100992769,-0.0109407817945,0.785660564899,0.99994212389,0.00554096652195,-0.00702903047204,-0.00596869830042,-0.121539510787,0.00453674374148,0.0647301673889,0.283948779106,-0.162266001105,-0.024703329429,-0.14100971818,-0.0204638056457,-0.00822253711522,0.312056601048,-0.186058029532,-0.00999030936509,0.0191092435271,-0.0225748475641,0.046632450074,0.60817527771,0.507455289364,-0.155057385564,0.399147957563,-0.0538714490831,-0.110621474683,0.0231930930167,0.597004532814,-0.452665656805,0.0829870775342,0.466028243303,-0.213758543134,-0.16015355289,0.0557095780969
0.0373414903879,-0.00796890817583,0.786279261112,0.999948084354,0.00364147359505,-0.00782355293632,-0.00541100697592,-0.117972537875,0.00794145371765,0.0542982593179,0.282058298588,-0.158052265644,-0.0215095803142,-0.135262027383,-0.0127942059189,-0.00727103697136,0.298578113317,-0.173639595509,-0.00749065773562,0.0227796602994,-0.0197150781751,0.0473394691944,0.606418132782,0.504518866539,-0.162737727165,0.409000098705,-0.0789833813906,-0.103533498943,0.0307870618999,0.593087434769,-0.441057562828,0.0751287862659,0.472794502974,-0.209106475115,-0.168714493513,0.0575421079993
0.0349021740258,-0.0107812900096,0.785602271557,0.999947190285,0.00578298186883,-0.00667032785714,-0.00525517947972,-0.118432886899,0.0031592301093,0.0616695918143,0.27316442132,-0.15564891696,-0.0267305374146,-0.138134837151,-0.021849213168,-0.011678959243,0.308756291866,-0.182982176542,-0.00754817854613,0.01739246957,-0.0240085013211,0.0428384616971,0.611549019814,0.507757306099,-0.151007771492,0.40271115303,-0.0531837940216,-0.109245553613,0.0170773528516,0.603700220585,-0.450315624475,0.0798713043332,0.453095197678,-0.213252931833,-0.161207780242,0.0569624118507
0.033957246691,-0.01107251551,0.785719454288,0.999950706959,0.00568115944043,-0.00645317230374,-0.00496118469164,-0.118639364839,0.00321246893145,0.0614171363413,0.270507484674,-0.15440313518,-0.0270332656801,-0.137447223067,-0.0218068882823,-0.0117860343307,0.308103114367,-0.183287292719,-0.00745103135705,0.0172376465052,-0.0242536105216,0.0433032847941,0.610520362854,0.509200453758,-0.150484606624,0.405723303556,-0.0605241917074,-0.108357541263,0.0150128845125,0.604378402233,-0.449534744024,0.0785372257233,0.449262142181,-0.209293976426,-0.163980051875,0.0573412515223
0.0344446599483,-0.0115338349715,0.785698235035,0.999951958656,0.00550509337336,-0.00654980819672,-0.00478795031086,-0.118873000145,0.00378513522446,0.0620331019163,0.270925462246,-0.154908284545,-0.0264133214951,-0.136576801538,-0.0215427950025,-0.0108039854094,0.308099746704,-0.183826938272,-0.00709050893784,0.0164601840079,-0.0241729635745,0.0464625731111,0.608913600445,0.510985434055,-0.150865748525,0.409674942493,-0.0663881152868,-0.107315249741,0.0148982414976,0.603943347931,-0.44863691926,0.0763742998242,0.447485417128,-0.2056992203,-0.166002646089,0.0559465587139
0.0355659872293,-0.0119727458805,0.785634219646,0.999952316284,0.00530125852674,-0.00663669407368,-0.00481898337603,-0.120134815574,0.00464601116255,0.0624540485442,0.27404358983,-0.155172079802,-0.0251452513039,-0.1367482692,-0.0212127175182,-0.0104436958209,0.309334844351,-0.184156000614,-0.00672427145764,0.0152590777725,-0.0239185914397,0.0512649603188,0.607138574123,0.512765645981,-0.152851372957,0.413968354464,-0.0669829621911,-0.105668157339,0.0163777172565,0.60177642107,-0.447978556156,0.0740777850151,0.446850091219,-0.205998361111,-0.165401339531,0.0524824298918
0.0362714082003,-0.0123362280428,0.785593688488,0.999952912331,0.00517462799326,-0.00672777742147,-0.00470526795834,-0.12240408361,0.00520135322586,0.0632377937436,0.27861776948,-0.155348882079,-0.0243868455291,-0.138560801744,-0.0211743284017,-0.0107191232964,0.312481850386,-0.184818267822,-0.00612940452993,0.0140295950696,-0.023613313213,0.0574544221163,0.606077492237,0.514267086983,-0.155572429299,0.416593372822,-0.0623132511973,-0.103583022952,0.0187786184251,0.598606288433,-0.446287840605,0.0719653069973,0.444872647524,-0.209073498845,-0.161220416427,0.0475747510791
0.0402882061899,-0.00947115104645,0.785218179226,0.999959349632,0.00410482753068,-0.00713519845158,-0.00369068421423,-0.125118732452,0.00741623016074,0.0537524111569,0.288462877274,-0.152337044477,-0.0222737677395,-0.137683600187,-0.0194649547338,-0.0127714779228,0.308105021715,-0.18063609302,-0.00783440843225,0.013461840339,-0.0214970950037,0.0649096593261,0.601058661938,0.515558123589,-0.163164675236,0.42269718647,-0.056151445955,-0.10021802783,0.0267089065164,0.590587556362,-0.436073541641,0.0634782388806,0.451974511147,-0.220820978284,-0.159355342388,0.0396990478039
0.0370460860431,-0.0129433292896,0.785422325134,0.999957919121,0.00488309236243,-0.00598261319101,-0.00495476974174,-0.127819240093,0.00565376505256,0.0626123175025,0.284770607948,-0.154916003346,-0.0253524184227,-0.144762307405,-0.020295124501,-0.0113726686686,0.319294542074,-0.182734325528,-0.00388194620609,0.0122080054134,-0.0228553786874,0.0668827369809,0.605810880661,0.51734483242,-0.162124633789,0.418116688728,-0.0552910640836,-0.102994345129,0.0212585609406,0.594088375568,-0.442445784807,0.068509593606,0.43729659915,-0.219266459346,-0.157741770148,0.0356109067798
0.0365937575698,-0.0134127764031,0.785497486591,0.999961495399,0.0048088748008,-0.00507417600602,-0.00530600687489,-0.131533369422,0.00611561955884,0.0634074881673,0.286578685045,-0.154717385769,-0.0263356305659,-0.148793816566,-0.0197040569037,-0.0102656399831,0.320925801992,-0.182225555182,-0.0033018225804,0.0119838612154,-0.0229329373688,0.0704508200288,0.605915486813,0.519825816154,-0.164944708347,0.41670525074,-0.0559285469353,-0.103861249983,0.0222306605428,0.594468176365,-0.442845910788,0.0682242363691,0.427511394024,-0.221577391028,-0.159392386675,0.0338440015912
0.0371987968683,-0.0139800338075,0.785541176796,0.999965786934,0.0047287424095,-0.00399349955842,-0.00548471417278,-0.134695366025,0.00695401523262,0.0647255778313,0.287434786558,-0.154131293297,-0.0270538050681,-0.151633501053,-0.0194767061621,-0.00905687455088,0.320117980242,-0.181244641542,-0.00355872162618,0.0114845586941,-0.0232336856425,0.0729059204459,0.60532617569,0.52251124382,-0.168038368225,0.415339201689,-0.0555590651929,-0.104543335736,0.0235730689019,0.597124874592,-0.445626199245,0.0677922219038,0.414966464043,-0.224548831582,-0.161916345358,0.0336672849953
0.0406340137124,-0.014678997919,0.785674631596,0.999968469143,0.00468500936404,-0.00272664357908,-0.00580924795941,-0.137153372169,0.00732939457521,0.0654256939888,0.286456137896,-0.152495831251,-0.0266761761159,-0.154332578182,-0.0191932357848,-0.0072866640985,0.318433910608,-0.179235935211,-0.0040445830673,0.0106739718467,-0.0237536616623,0.0735329389572,0.605919361115,0.525532662868,-0.172387748957,0.414183616638,-0.0547784715891,-0.104503542185,0.0251034386456,0.599319338799,-0.450213372707,0.0665935948491,0.401516109705,-0.228527992964,-0.162223234773,0.0322888530791
0.043626435101,-0.0149297062308,0.785858750343,0.999971091747,0.00463541038334,-0.00160952634178,-0.00581596326083,-0.138676255941,0.00742255570367,0.0662141516805,0.28421908617,-0.150659933686,-0.0256001632661,-0.156246602535,-0.0192833188921,-0.00625151023269,0.316037774086,-0.177218839526,-0.00422434136271,0.00986873358488,-0.0243671257049,0.0743001550436,0.606841564178,0.529251217842,-0.175660341978,0.411688029766,-0.0512449033558,-0.104277998209,0.0271599218249,0.601690530777,-0.45454081893,0.0653775855899,0.387413829565,-0.232435286045,-0.160818681121,0.0318492501974
0.0448971726,-0.0103166289628,0.78606826067,0.999975562096,0.00419733766466,-0.00135687750299,-0.00541814416647,-0.139282464981,0.00798368360847,0.0586578436196,0.284632027149,-0.144385412335,-0.022243283689,-0.154336050153,-0.0192599445581,-0.00554172275588,0.307487636805,-0.173369273543,-0.0067579834722,0.0109195401892,-0.0243050120771,0.0771899968386,0.602641046047,0.532577931881,-0.176146611571,0.413966417313,-0.0579178147018,-0.104723356664,0.0334936156869,0.598752856255,-0.449592351913,0.0593107528985,0.383678346872,-0.234768867493,-0.161490246654,0.0289458241314
0.0439732819796,-0.0140874218196,0.786223888397,0.999976456165,0.00439754035324,3.28346286551e-05,-0.00527117913589,-0.140942364931,0.00701571675017,0.0643410384655,0.280030459166,-0.148791715503,-0.0242527499795,-0.158640667796,-0.0197645947337,-0.00841835979372,0.314887285233,-0.174553751945,-0.00349244847894,0.00919357594103,-0.0250023733824,0.0758229345083,0.606487035751,0.536751747131,-0.176745831966,0.408568918705,-0.0531561970711,-0.108184479177,0.0295364968479,0.607178866863,-0.461089342833,0.0625535473228,0.362301915884,-0.232444420457,-0.160911306739,0.0307419039309
0.0426969863474,-0.0143344923854,0.786365091801,0.999975025654,0.00432764273137,0.000669331580866,-0.00554885528982,-0.142300739884,0.00764628034085,0.0652031898499,0.279430896044,-0.148968875408,-0.024764964357,-0.159444779158,-0.0197689272463,-0.00913238059729,0.314073354006,-0.174941450357,-0.00305529311299,0.0100969253108,-0.0254618879408,0.0774396210909,0.605822741985,0.539927959442,-0.176005572081,0.405166506767,-0.0550132803619,-0.111155211926,0.0308061167598,0.610904157162,-0.465676099062,0.0624585077167,0.347345322371,-0.232924506068,-0.162591382861,0.0317985415459
0.0415401868522,-0.0147164585069,0.786446034908,0.999973058701,0.00415432266891,0.00126589403953,-0.00591268204153,-0.142982304096,0.00851481314749,0.0660882592201,0.27866011858,-0.149178892374,-0.0252779182047,-0.15969991684,-0.0192469637841,-0.0089106913656,0.312355071306,-0.174657404423,-0.00345496926457,0.010975533165,-0.0258142240345,0.0784585699439,0.605831623077,0.541841864586,-0.175343707204,0.402084231377,-0.0553170926869,-0.114009067416,0.0323138199747,0.613914012909,-0.470762401819,0.0614852011204,0.33273974061,-0.233426913619,-0.16417644918,0.0313938632607
0.0413646958768,-0.01507918071,0.786532700062,0.999969303608,0.00401287665591,0.00178894517012,-0.00648722751066,-0.142931267619,0.00899112224579,0.0660018026829,0.277644455433,-0.149689406157,-0.025268573314,-0.159636512399,-0.0186054334044,-0.00755377393216,0.31057497859,-0.173434436321,-0.00390466535464,0.0115926070139,-0.0263121630996,0.0786206424236,0.606295466423,0.542800247669,-0.17581179738,0.399452000856,-0.0557993985713,-0.116053894162,0.0343203991652,0.615810990334,-0.476105302572,0.0596080198884,0.31848603487,-0.234382525086,-0.163939148188,0.0307278707623
0.0412802882493,-0.0152479615062,0.786648213863,0.999964058399,0.00377501617186,0.00220597744919,-0.00726541643962,-0.142490178347,0.00969265121967,0.0668510124087,0.276053547859,-0.151145294309,-0.0252386052161,-0.159495770931,-0.0175473131239,-0.00542611628771,0.30872708559,-0.172008112073,-0.00458212010562,0.0123613830656,-0.026824740693,0.0788888782263,0.606355547905,0.54399895668,-0.174956202507,0.394988566637,-0.0582487434149,-0.118289709091,0.0365850552917,0.618067979813,-0.481425762177,0.0578632950783,0.3026278615,-0.231488645077,-0.162769258022,0.0322236008942
0.0435568168759,-0.0112707512453,0.786678910255,0.999964654446,0.00293536088429,0.00197275239043,-0.00762416003272,-0.141655400395,0.0132351368666,0.0625282153487,0.278835862875,-0.147820174694,-0.0215024352074,-0.156605198979,-0.0149837518111,-0.00330111058429,0.301400303841,-0.167236074805,-0.00657458277419,0.0143676232547,-0.0254416633397,0.081864528358,0.597028911114,0.540343165398,-0.179958701134,0.403650671244,-0.0664987936616,-0.118889346719,0.0480947606266,0.610511302948,-0.475827932358,0.0528406202793,0.303931504488,-0.227005243301,-0.162993296981,0.0249775294214
0.0408054590225,-0.0150318397209,0.786835551262,0.9999589324,0.00336412061006,0.00213615642861,-0.00813927594572,-0.143728032708,0.0113012744114,0.069862447679,0.278649359941,-0.154437333345,-0.0243642516434,-0.15859477222,-0.0164997149259,-0.002569969045,0.309053242207,-0.170998200774,-0.00381505931728,0.012744625099,-0.0272177234292,0.0803626105189,0.605441510677,0.545856535435,-0.171879068017,0.393138647079,-0.0816562101245,-0.125579506159,0.0360883399844,0.621114134789,-0.490231007338,0.0512489192188,0.277920752764,-0.207760676742,-0.164019525051,0.032250739634
0.0411707572639,-0.0153949614614,0.78661864996,0.999961197376,0.00354473572224,0.000978979514912,-0.00800167303532,-0.143136844039,0.0122672440484,0.0746476501226,0.284740120173,-0.158224120736,-0.0250547602773,-0.1570109725,-0.0173317287117,-0.00368223735131,0.311071544886,-0.175053909421,-0.00335010001436,0.0133098838851,-0.0277248248458,0.0853176116943,0.605220973492,0.544022977352,-0.17307060957,0.398329854012,-0.0926486477256,-0.127353802323,0.0345075465739,0.62354850769,-0.492391377687,0.049225833267,0.269436836243,-0.206727415323,-0.163468196988,0.0324656441808
0.0412835627794,-0.0160728693008,0.786123335361,0.999959647655,0.00364315626211,0.000222057045903,-0.00820228364319,-0.142778679729,0.0135510005057,0.0770680084825,0.290622115135,-0.160127103329,-0.0261569544673,-0.156399205327,-0.0179720371962,-0.0055937981233,0.312883913517,-0.177049234509,-0.00466017657891,0.013609142974,-0.0281003154814,0.0907663851976,0.606158912182,0.542361736298,-0.17670802772,0.402030169964,-0.0841806083918,-0.124478191137,0.0371417999268,0.6269069314,-0.494685769081,0.0472399964929,0.256149113178,-0.231373101473,-0.161074027419,0.031867172569
0.0413275323808,-0.0168891698122,0.785870850086,0.999956011772,0.00365247484297,0.000115386596008,-0.00863772630692,-0.14307756722,0.0142458071932,0.0764319971204,0.293600857258,-0.160567447543,-0.0256265848875,-0.157047852874,-0.017971586436,-0.00553103955463,0.314940094948,-0.176561579108,-0.00619303993881,0.0134928459302,-0.0285720042884,0.0939593836665,0.608071625233,0.542411386967,-0.18129222095,0.401795864105,-0.0665625706315,-0.121281191707,0.0402892194688,0.631921947002,-0.49928817153,0.043344926089,0.232322648168,-0.260789722204,-0.156764805317,0.0285289399326
0.0415030904114,-0.0174946431071,0.785817027092,0.999956905842,0.00370933418162,0.000405409839004,-0.0085077881813,-0.143168628216,0.0138609474525,0.0741561949253,0.292856067419,-0.160740554333,-0.0244766175747,-0.158492431045,-0.0182422548532,-0.00521414866671,0.315666675568,-0.174977481365,-0.00718054827303,0.0124002806842,-0.0299076922238,0.0952980369329,0.610576689243,0.543487846851,-0.18243779242,0.396361023188,-0.0488121844828,-0.120090045035,0.0411874912679,0.638578593731,-0.504496991634,0.0397244393826,0.198516696692,-0.277317494154,-0.152493283153,0.024049853906
0.0416815951467,-0.0133538842201,0.785698652267,0.999965786934,0.00318776071072,0.000159319592058,-0.00762253953144,-0.141954466701,0.0146175613627,0.0664106085896,0.291989505291,-0.155706048012,-0.0213270653039,-0.156948193908,-0.0167837943882,-0.00522680627182,0.31070497632,-0.173134103417,-0.00922282598913,0.011942723766,-0.02993375808,0.095967464149,0.608199059963,0.542201042175,-0.184262305498,0.394864737988,-0.0456281751394,-0.120150074363,0.049906488508,0.637931704521,-0.500380456448,0.034289829433,0.181331038475,-0.278548687696,-0.156386569142,0.0113235032186
0.0447742007673,-0.0185732580721,0.785908997059,0.999966204166,0.00386371929199,0.0012160645565,-0.00715328985825,-0.144559904933,0.0121946660802,0.0705615356565,0.288695037365,-0.159142196178,-0.0243203025311,-0.163059696555,-0.0194275509566,-0.00736155500636,0.319881767035,-0.174393817782,-0.00868334900588,0.00931203365326,-0.0325585752726,0.094752766192,0.615916132927,0.54657125473,-0.177977129817,0.381119847298,-0.0535606220365,-0.128901690245,0.0467789173126,0.652290046215,-0.513967931271,0.0333909355104,0.143280297518,-0.253986120224,-0.161956042051,0.0192290432751
0.044265165925,-0.0194176286459,0.785873472691,0.999968469143,0.00403679581359,0.00116561423056,-0.00673666968942,-0.146420523524,0.0122990999371,0.0714328512549,0.288728475571,-0.15899169445,-0.0248564537615,-0.164165705442,-0.0196384098381,-0.00755042023957,0.321417033672,-0.177428409457,-0.00991784594953,0.00993478484452,-0.0336998328567,0.0957168415189,0.617531955242,0.550054848194,-0.176595792174,0.371766895056,-0.0714149102569,-0.134532794356,0.04858539626,0.661867678165,-0.521935403347,0.0304283723235,0.117245428264,-0.232364118099,-0.169715687633,0.0217463020235
0.0431498289108,-0.0202862285078,0.785683691502,0.999969780445,0.00410472461954,0.000864325207658,-0.00654376018792,-0.147914588451,0.0129704866558,0.0728595033288,0.291861563921,-0.159603148699,-0.0246910769492,-0.164351329207,-0.0194384809583,-0.00705177616328,0.32336345315,-0.180825084448,-0.0100515764207,0.0108617125079,-0.0345436297357,0.0980219393969,0.619468510151,0.552375614643,-0.176687330008,0.366856843233,-0.0783725231886,-0.13704547286,0.0492675341666,0.668258965015,-0.529332220554,0.0284582283348,0.0981876403093,-0.226231053472,-0.17234057188,0.0184069089592
0.0421216189861,-0.0208322703838,0.785522341728,0.999969065189,0.0041424385272,0.000445003825007,-0.00666599348187,-0.149162888527,0.0139876846224,0.0748063549399,0.297318488359,-0.161844030023,-0.0240974836051,-0.164344266057,-0.0194673780352,-0.00650304090232,0.326037228107,-0.183602914214,-0.00974223855883,0.0120027326047,-0.0353223979473,0.101350955665,0.621283590794,0.553568661213,-0.17746424675,0.364850908518,-0.0767239406705,-0.137072533369,0.0499580055475,0.672964453697,-0.53573268652,0.0269404798746,0.0814817622304,-0.231589451432,-0.170551553369,0.0130594018847
0.0419248566031,-0.0207974500954,0.785327076912,0.999966621399,0.00399731146172,-0.000184844873729,-0.00712552620098,-0.150461226702,0.0157286971807,0.0781168416142,0.304024428129,-0.164299353957,-0.0237042680383,-0.164326176047,-0.0199878849089,-0.00731810275465,0.328236997128,-0.183750480413,-0.00928186997771,0.0130079025403,-0.0357631966472,0.106351271272,0.622242748737,0.554039120674,-0.17553716898,0.363505840302,-0.0676313042641,-0.135209456086,0.0524648502469,0.679381787777,-0.540160179138,0.024690778926,0.063602656126,-0.25045132637,-0.167840719223,0.0104098021984
0.0457770526409,-0.0152497300878,0.785374522209,0.999974012375,0.00317634246312,-0.000934487150516,-0.00639921799302,-0.149739474058,0.0179715454578,0.0711671859026,0.309106141329,-0.160754188895,-0.0201719738543,-0.160724669695,-0.0187823716551,-0.00754889426753,0.322283625603,-0.181274175644,-0.00951324217021,0.0140090771019,-0.0347379483283,0.109312877059,0.619504749775,0.553313732147,-0.178027957678,0.370753377676,-0.0683740228415,-0.131137758493,0.0610126145184,0.682067394257,-0.534507751465,0.015720045194,0.0519398786128,-0.271096855402,-0.168445050716,-0.00156188721303
0.04515311867,-0.0202041175216,0.784933567047,0.999965429306,0.00375264137983,-0.00063647859497,-0.00739956879988,-0.153006657958,0.0167481675744,0.0780298188329,0.311650216579,-0.165957525373,-0.0237883571535,-0.166002705693,-0.0205550584942,-0.0102133192122,0.333019047976,-0.18176330626,-0.00732022291049,0.0107091022655,-0.0360169634223,0.11238770932,0.626681983471,0.554174900055,-0.175891280174,0.363189697266,-0.0609022900462,-0.132506281137,0.0555687472224,0.688809037209,-0.547917664051,0.0153062874451,0.024077873677,-0.274308234453,-0.166175678372,-0.000714898109436
0.0473252646625,-0.020716458559,0.784926950932,0.999967873096,0.00356575357728,-0.000643644598313,-0.00714698294178,-0.154841214418,0.0169602036476,0.07664757967,0.31353032589,-0.166288048029,-0.0240875594318,-0.166596457362,-0.0201804861426,-0.0112559236586,0.333474427462,-0.181553974748,-0.00787152443081,0.00925724394619,-0.0357691124082,0.114934742451,0.628125369549,0.555695295334,-0.177810907364,0.361449807882,-0.0652637481689,-0.1335324049,0.055505797267,0.692757368088,-0.553067684174,0.00727809593081,-0.00110535719432,-0.277230352163,-0.169427365065,-0.00492913136259
0.0472364649177,-0.021253624931,0.784894764423,0.999971807003,0.00337420031428,-0.000686336716171,-0.00666211359203,-0.156028658152,0.0173055231571,0.0756835862994,0.315250426531,-0.16678597033,-0.0239912886173,-0.166452273726,-0.019807593897,-0.0117557607591,0.333429247141,-0.181930750608,-0.00930314324796,0.00779223255813,-0.0352592281997,0.117300972342,0.628408253193,0.55774050951,-0.180217832327,0.360683530569,-0.0691319927573,-0.135160297155,0.0567503497005,0.695746600628,-0.557013511658,-0.00201387726702,-0.0215794071555,-0.278372615576,-0.172957569361,-0.00866172742099
0.0448189787567,-0.0217146128416,0.784870386124,0.999973237514,0.00323339411989,-0.000886046735104,-0.00649846019223,-0.156527653337,0.0176557842642,0.0753278806806,0.317343860865,-0.167549654841,-0.0234723817557,-0.166049584746,-0.0195867232978,-0.0116539364681,0.334139704704,-0.182440549135,-0.0104726264253,0.00650073075667,-0.0346867144108,0.120281018317,0.628665864468,0.559943974018,-0.182552337646,0.360064148903,-0.0727641955018,-0.136728972197,0.0595727749169,0.69785284996,-0.560630083084,-0.0116905877367,-0.0417560189962,-0.28070011735,-0.174625039101,-0.0137389041483
0.0430045463145,-0.0219037272036,0.784873187542,0.999972879887,0.00321668782271,-0.00126946251839,-0.00650752568617,-0.156929120421,0.0175917427987,0.0764983519912,0.319844663143,-0.169140338898,-0.0220211986452,-0.166862353683,-0.0195638388395,-0.0102394418791,0.338259011507,-0.184113442898,-0.0102124428377,0.00531353987753,-0.0341541208327,0.124517515302,0.630228936672,0.563317120075,-0.184367865324,0.358821958303,-0.0757417827845,-0.137440040708,0.0620345212519,0.699848651886,-0.565167069435,-0.0215903464705,-0.0661682486534,-0.284131735563,-0.171744376421,-0.0189247895032
0.0437582395971,-0.0171417742968,0.784824550152,0.999979734421,0.00239297747612,-0.00166449183598,-0.00565617252141,-0.157705500722,0.0198685117066,0.0706438422203,0.326838672161,-0.167346000671,-0.0192197468132,-0.164511963725,-0.018769884482,-0.0117441695184,0.333569914103,-0.183795139194,-0.0122657464817,0.00483530433849,-0.0318889915943,0.128257378936,0.626098155975,0.562987089157,-0.188194230199,0.363374680281,-0.0863638520241,-0.137910321355,0.070774808526,0.70029348135,-0.558172345161,-0.0356229655445,-0.0808897912502,-0.29828569293,-0.17311117053,-0.0336607061327
0.0436275079846,-0.0221661366522,0.78465461731,0.999969959259,0.00309351668693,-0.00146190880332,-0.00695838965476,-0.160024732351,0.0184352900833,0.0783331617713,0.327216774225,-0.172588899732,-0.0219258200377,-0.16893081367,-0.0209520831704,-0.0130859948695,0.344877749681,-0.186003834009,-0.00847590528429,0.00177112524398,-0.0326026044786,0.132790222764,0.631592452526,0.566290616989,-0.185703009367,0.35686609149,-0.0835147872567,-0.13900411129,0.0648175999522,0.707051515579,-0.571934700012,-0.0399200432003,-0.11057677865,-0.30018016696,-0.170970380306,-0.0326358191669
0.0452193543315,-0.0228312909603,0.784459888935,0.999972820282,0.00303415488452,-0.00152572244406,-0.00653636362404,-0.162584036589,0.018503356725,0.0779362991452,0.33160084486,-0.17427483201,-0.0224932599813,-0.17006573081,-0.0211828816682,-0.0143271107227,0.347761511803,-0.189235314727,-0.00797960255295,-0.000699295662344,-0.031280439347,0.136877194047,0.633098065853,0.568241298199,-0.189932972193,0.355628430843,-0.0880387499928,-0.139915332198,0.0653292536736,0.710602641106,-0.577617883682,-0.0511694476008,-0.137505143881,-0.311978250742,-0.172271594405,-0.039818521589
0.0479859039187,-0.023842278868,0.784230589867,0.999977767467,0.00294458516873,-0.0014922330156,-0.00579347973689,-0.164991110563,0.0184287112206,0.0767708346248,0.335647851229,-0.175720468163,-0.0226026233286,-0.17043222487,-0.0210804585367,-0.0153553746641,0.348757952452,-0.192186936736,-0.00818544626236,-0.00337472255342,-0.0298018716276,0.13991445303,0.633872449398,0.570394337177,-0.195707529783,0.355512440205,-0.0898985043168,-0.140335813165,0.0663022324443,0.714201807976,-0.58330988884,-0.0623999238014,-0.162267699838,-0.329412788153,-0.173449516296,-0.0467191711068
0.0527234226465,-0.025079106912,0.784154951572,0.999981582165,0.00280603254214,-0.00135786866304,-0.00519933225587,-0.166800186038,0.0182821042836,0.0747160986066,0.338134646416,-0.176251500845,-0.0221136752516,-0.170385912061,-0.0207221936435,-0.0163374990225,0.348373681307,-0.192985713482,-0.00862104259431,-0.00590453948826,-0.0285538956523,0.141996487975,0.633825778961,0.572997868061,-0.201420933008,0.355542749166,-0.0917809084058,-0.14053247869,0.0683078169823,0.716917157173,-0.5896448493,-0.0735153108835,-0.18439514935,-0.348330825567,-0.172836616635,-0.0530261471868
0.0575651414692,-0.0260152705014,0.784138858318,0.999985277653,0.00260753929615,-0.00137689663097,-0.00455532222986,-0.168650969863,0.0182813014835,0.0736916214228,0.340639412403,-0.177131608129,-0.0213368944824,-0.170227468014,-0.0203960984945,-0.0175809729844,0.348235040903,-0.193872362375,-0.00865912251174,-0.00830579828471,-0.027267023921,0.144388750196,0.632265388966,0.576103448868,-0.205855160952,0.356295108795,-0.0950624346733,-0.140709757805,0.0719850361347,0.720250368118,-0.595179140568,-0.0858462452888,-0.206302642822,-0.366849333048,-0.169766664505,-0.0587306320667
0.0607947409153,-0.0203902106732,0.784181594849,0.999990224838,0.00197731633671,-0.0021464554593,-0.00331498892047,-0.169344335794,0.0196374934167,0.0663800165057,0.347593098879,-0.17489156127,-0.0181012768298,-0.167304635048,-0.0187998246402,-0.0169968418777,0.34541040659,-0.193936765194,-0.00802631955594,-0.00860383361578,-0.0256093833596,0.146917834878,0.626946091652,0.577459037304,-0.209379404783,0.362687975168,-0.109997428954,-0.142259284854,0.0776191577315,0.719085812569,-0.59326004982,-0.100789032876,-0.220075041056,-0.37232786417,-0.17454379797,-0.0764532536268
0.0583473071456,-0.0258912052959,0.783800184727,0.999989032745,0.00264443829656,-0.0014421454398,-0.00358836888336,-0.174322530627,0.0171161685139,0.0707321986556,0.349648594856,-0.180993184447,-0.0197807271034,-0.17409171164,-0.0212585646659,-0.0192650221288,0.358659058809,-0.200607001781,-0.00489790551364,-0.0116024119779,-0.0255516432226,0.149049952626,0.629237234592,0.578155398369,-0.209358870983,0.36545163393,-0.114433728158,-0.144304633141,0.0733718723059,0.72433835268,-0.601320922375,-0.106434576213,-0.249179974198,-0.37824305892,-0.16515929997,-0.0727473124862
0.0576178096235,-0.0263320021331,0.783481240273,0.999988615513,0.00292832800187,-0.00142613856588,-0.0034810511861,-0.17757217586,0.0170741919428,0.0731327831745,0.356570869684,-0.183672845364,-0.0203546620905,-0.178691402078,-0.0219894703478,-0.0188450179994,0.367610096931,-0.206919774413,-0.0032108661253,-0.012065266259,-0.0254694763571,0.153531089425,0.627146184444,0.57762914896,-0.210647940636,0.371967583895,-0.126154825091,-0.14744143188,0.0744142606854,0.729337930679,-0.604115128517,-0.11691249907,-0.27616968751,-0.389972925186,-0.165018737316,-0.0777097195387
0.0587078332901,-0.0271805208176,0.783190011978,0.999987304211,0.00309919775464,-0.0010587075958,-0.00382961309515,-0.179933726788,0.0181474164128,0.0760563164949,0.361347138882,-0.18448805809,-0.0220609381795,-0.18195553124,-0.022115252912,-0.0179509650916,0.372344315052,-0.209395453334,-0.00337513885461,-0.01277748961,-0.0255844462663,0.15725363791,0.626657068729,0.576469421387,-0.212174162269,0.375056684017,-0.130340576172,-0.14926430583,0.0772500485182,0.736431121826,-0.609510540962,-0.12814450264,-0.303209096193,-0.413531720638,-0.168589472771,-0.0831510871649
0.062021676451,-0.0281695369631,0.783153772354,0.999986231327,0.0032445914112,-0.000585121684708,-0.00407168967649,-0.180408909917,0.0185813102871,0.0764459371567,0.362113088369,-0.183696225286,-0.0220128707588,-0.183448672295,-0.0219808015972,-0.0169327184558,0.373630255461,-0.208649545908,-0.00371922575869,-0.0138575667515,-0.0258341915905,0.15894125402,0.625980496407,0.575678706169,-0.216893076897,0.378049224615,-0.128398627043,-0.149487391114,0.081200607121,0.741045176983,-0.61874294281,-0.139500811696,-0.327749341726,-0.439928889275,-0.169486552477,-0.088382832706
0.0668258443475,-0.02867349796,0.783334612846,0.999987542629,0.00329980975948,-0.000290929921903,-0.00372915714979,-0.178578183055,0.0183615591377,0.0759148225188,0.358509242535,-0.182753160596,-0.0215784888715,-0.182398796082,-0.0218523256481,-0.01691256091,0.370537638664,-0.206259071827,-0.00329742417671,-0.0156402848661,-0.0261236578226,0.159785330296,0.623468995094,0.575625061989,-0.221597269177,0.379342585802,-0.123042777181,-0.147824585438,0.0848831310868,0.742797195911,-0.627895951271,-0.148674875498,-0.347397327423,-0.460710644722,-0.164978027344,-0.0913857072592
0.0699881091714,-0.0218801740557,0.783632576466,0.999995172024,0.00275809084997,-0.000448489969131,-0.00132042064797,-0.176357477903,0.0177719406784,0.0653235316277,0.355566263199,-0.175749152899,-0.017131973058,-0.177101954818,-0.0212208069861,-0.0174945350736,0.360602021217,-0.204939931631,-0.00394947035238,-0.017480455339,-0.0256747491658,0.159870043397,0.617499053478,0.574578464031,-0.227526605129,0.385380327702,-0.131583675742,-0.149256050587,0.0909577533603,0.740818738937,-0.627635121346,-0.159073516726,-0.353687733412,-0.463791042566,-0.169342577457,-0.106069162488
0.0658694505692,-0.0286887958646,0.783539772034,0.999992966652,0.00320733780973,0.000412309542298,-0.00189736892935,-0.178823769093,0.0170451402664,0.0711259692907,0.353654414415,-0.182125538588,-0.0225724726915,-0.180136591196,-0.0229511260986,-0.0210918039083,0.365956097841,-0.206528067589,-0.00169504142832,-0.0195672456175,-0.0257521308959,0.16004127264,0.617767930031,0.576269924641,-0.224632978439,0.379007190466,-0.139340534806,-0.150312840939,0.0859749689698,0.744383692741,-0.640290021896,-0.161672979593,-0.3773483634,-0.456591278315,-0.163124486804,-0.0905583351851
0.0642151683569,-0.0293015297502,0.783610880375,0.999992609024,0.00337125500664,0.000212488055695,-0.00183053081855,-0.179654538631,0.0166642498225,0.0729693993926,0.353307932615,-0.183124378324,-0.0230599604547,-0.179953962564,-0.0234137419611,-0.0213212836534,0.366596907377,-0.210975587368,-0.000827399606351,-0.0180041436106,-0.0257665961981,0.163055196404,0.613273084164,0.577088832855,-0.224816992879,0.377438724041,-0.15910859406,-0.1545971632,0.0854984894395,0.748747050762,-0.647252440453,-0.1705070436,-0.397612035275,-0.451268970966,-0.164763882756,-0.088363148272
0.0642282739282,-0.030376682058,0.783393263817,0.999991714954,0.00355900754221,-0.000313192693284,-0.00194611179177,-0.180996969342,0.0162828657776,0.0744987949729,0.357391119003,-0.185389563441,-0.0221591629088,-0.180156797171,-0.0241028275341,-0.0206234697253,0.370063841343,-0.216179326177,-0.000282256165519,-0.0162892229855,-0.025945968926,0.167681291699,0.609762966633,0.577664911747,-0.223555609584,0.377563655376,-0.170323655009,-0.158026069403,0.0875792503357,0.753341376781,-0.653523862362,-0.179706200957,-0.417196810246,-0.455644726753,-0.164493620396,-0.0897822752595
0.0648531243205,-0.0313863568008,0.783044695854,0.999990284443,0.00370917911641,-0.000895334815141,-0.00220132153481,-0.1826890558,0.0160515550524,0.0750804245472,0.364206463099,-0.188561588526,-0.0206944905221,-0.181200891733,-0.0251587387174,-0.0199591331184,0.375879347324,-0.220397621393,0.000111181616376,-0.0152513822541,-0.0258952770382,0.172492057085,0.607182502747,0.577783942223,-0.223813086748,0.379305064678,-0.174059122801,-0.159765124321,0.0897872298956,0.756254732609,-0.659521520138,-0.187655106187,-0.433365285397,-0.465883433819,-0.16164521873,-0.0916237607598
0.0666864961386,-0.0318490900099,0.782600522041,0.999988794327,0.003818444442,-0.00144433008973,-0.00237339967862,-0.184881150723,0.0161637626588,0.0766042172909,0.372926414013,-0.192840903997,-0.0198106411844,-0.184077709913,-0.026478830725,-0.0198778863996,0.383991420269,-0.223080068827,0.000905559922103,-0.0155546152964,-0.0256135128438,0.178045019507,0.605102181435,0.577090442181,-0.225429445505,0.38210272789,-0.171383097768,-0.159389942884,0.0933561101556,0.756847679615,-0.664829313755,-0.19489172101,-0.44778907299,-0.482932955027,-0.156120806932,-0.0947460308671
0.0706607401371,-0.0244080014527,0.782164633274,0.999992072582,0.00336776277982,-0.00180872390047,-0.00113146344665,-0.186638563871,0.0182446334511,0.0720496699214,0.382157385349,-0.19152161479,-0.0167365036905,-0.184088855982,-0.0262692980468,-0.0201131161302,0.384144961834,-0.221884012222,0.000891030707862,-0.0166185386479,-0.0246607903391,0.180948197842,0.600014925003,0.574606239796,-0.233388110995,0.392516255379,-0.175068035722,-0.158169806004,0.101300902665,0.753441751003,-0.660716295242,-0.2043004632,-0.449814528227,-0.489413887262,-0.158533066511,-0.118015855551
0.0746670365334,-0.0317793413997,0.781758666039,0.999990344048,0.00384331238456,-0.000902288127691,-0.00191668164916,-0.193058863282,0.015702392906,0.0753503069282,0.387517094612,-0.199435308576,-0.0203086212277,-0.193173542619,-0.0284598525614,-0.0220953784883,0.399012982845,-0.225441768765,0.00298176053911,-0.0195985268801,-0.024051906541,0.183974772692,0.605846524239,0.575726926327,-0.232935965061,0.386813640594,-0.173558861017,-0.160179004073,0.0991287827492,0.753757059574,-0.674659192562,-0.209946721792,-0.476430773735,-0.498284310102,-0.155516281724,-0.107702329755
0.080236941576,-0.0326300673187,0.781728565693,0.999988973141,0.00399616593495,-0.000556314073037,-0.00240945653059,-0.195259824395,0.016178753227,0.0763011500239,0.38951420784,-0.200050666928,-0.0221624430269,-0.196597978473,-0.0284787546843,-0.0213788654655,0.401950180531,-0.225763767958,0.00319405063055,-0.0195663068444,-0.0241367202252,0.185881242156,0.606068611145,0.577761590481,-0.239125669003,0.386359274387,-0.177651464939,-0.162765011191,0.103669404984,0.751890480518,-0.682881593704,-0.219204753637,-0.49381685257,-0.497781693935,-0.158765122294,-0.113005898893
0.0822637826204,-0.0338206365705,0.781871080399,0.999987959862,0.00402399944142,-0.000512575439643,-0.00275618396699,-0.194922149181,0.0170221552253,0.0773974731565,0.388494312763,-0.198991775513,-0.0231277421117,-0.196467548609,-0.0281585156918,-0.0208917949349,0.400261700153,-0.22491312027,0.00214829389006,-0.018856966868,-0.024347057566,0.187630176544,0.605856359005,0.581418573856,-0.244925662875,0.384381711483,-0.176139295101,-0.164263680577,0.107650443912,0.752439081669,-0.692249894142,-0.230032235384,-0.510294258595,-0.498863905668,-0.163168922067,-0.117098726332
0.0819754227996,-0.0345385335386,0.782214701176,0.99998742342,0.00395562965423,-0.000592170632444,-0.00303486641496,-0.192911282182,0.0176899563521,0.0782093927264,0.385806590319,-0.197167620063,-0.02234586142,-0.194502130151,-0.0277540255338,-0.0207374822348,0.396365910769,-0.222561910748,0.00129324698355,-0.017681421712,-0.0247695483267,0.189639255404,0.606137514114,0.586330473423,-0.250119507313,0.381222128868,-0.172252699733,-0.165216237307,0.111420430243,0.753530204296,-0.702611327171,-0.241990402341,-0.524991393089,-0.504480957985,-0.164886340499,-0.121438957751
0.081917129457,-0.0346768274903,0.78264862299,0.999989390373,0.00367461820133,-0.000704683654476,-0.00267094117589,-0.191226527095,0.018405681476,0.0788414776325,0.383062392473,-0.195006921887,-0.0210670717061,-0.191548198462,-0.0274630263448,-0.0222737155855,0.390610933304,-0.220002159476,0.000731411390007,-0.0171464383602,-0.0250134002417,0.192006766796,0.606137871742,0.592752993107,-0.25288143754,0.376885503531,-0.167895376682,-0.165636226535,0.115157440305,0.755871713161,-0.71257776022,-0.25490885973,-0.537503302097,-0.513177335262,-0.163107216358,-0.125155553222
0.0826983973384,-0.0257020685822,0.783312022686,0.99999588728,0.00265222997405,-0.000744237506296,-0.000808049051557,-0.188816830516,0.0204307548702,0.0725714340806,0.380114406347,-0.187806025147,-0.0178609993309,-0.184977382421,-0.0264049656689,-0.025248458609,0.376422256231,-0.214967116714,-0.000257009931374,-0.0164646748453,-0.0241446066648,0.191469043493,0.602689445019,0.596031665802,-0.255985617638,0.380461931229,-0.174714908004,-0.168615013361,0.121546238661,0.757665872574,-0.710228204727,-0.267550259829,-0.538622140884,-0.51094096899,-0.169800490141,-0.143529951572
0.0832084342837,-0.0338355563581,0.783238589764,0.999995946884,0.00270269601606,-0.000376917829271,-0.000870328804012,-0.192561984062,0.0195006523281,0.0747058466077,0.382455408573,-0.191904962063,-0.0190860759467,-0.18615539372,-0.0274887327105,-0.0309417601675,0.381324827671,-0.21569159627,0.000591146177612,-0.0185371115804,-0.0248063877225,0.19527477026,0.608560025692,0.603716611862,-0.256692945957,0.371144264936,-0.168902054429,-0.168385237455,0.117782689631,0.761481404305,-0.729131877422,-0.279311478138,-0.558154761791,-0.512773036957,-0.164141342044,-0.134592056274
0.0862950012088,-0.0341800227761,0.783555388451,0.999997377396,0.00225333124399,-9.79440301307e-05,-0.000296785437968,-0.194343864918,0.0207986943424,0.0744998827577,0.382580667734,-0.190706118941,-0.0190709326416,-0.184732064605,-0.0270152948797,-0.0336292237043,0.377418458462,-0.214840561152,0.000102410995169,-0.0182481277734,-0.0248655341566,0.19708904624,0.608799815178,0.608488082886,-0.257880717516,0.367641657591,-0.17012168467,-0.169444292784,0.119225822389,0.765195250511,-0.737823843956,-0.291314810514,-0.570149302483,-0.508786797523,-0.166882500052,-0.136945262551
0.0901930332184,-0.0348579585552,0.783774375916,0.999997973442,0.00197858712636,0.000225512791076,0.000203730189241,-0.195531219244,0.0217408239841,0.0745556801558,0.381708025932,-0.189621016383,-0.0189990587533,-0.183811038733,-0.0266933962703,-0.0352609455585,0.374086081982,-0.213997796178,-0.0009560395265,-0.0178117286414,-0.0252522937953,0.198525443673,0.608765244484,0.612178206444,-0.259000062943,0.364478260279,-0.171092912555,-0.170108169317,0.121324792504,0.767877936363,-0.745676517487,-0.303515255451,-0.580866992474,-0.504199743271,-0.170495823026,-0.138820827007
0.0919868573546,-0.0354102365673,0.783985555172,0.999997973442,0.00191893591546,0.000449605489848,0.000392558431486,-0.19508908689,0.0220380201936,0.0744350627065,0.379525214434,-0.188933849335,-0.0185064394027,-0.183113411069,-0.0266077704728,-0.0359590612352,0.371617257595,-0.21302805841,-0.00163521640934,-0.0170259922743,-0.0258755125105,0.199781537056,0.609416484833,0.615276098251,-0.261082231998,0.360396921635,-0.171100646257,-0.171223580837,0.124269992113,0.768147587776,-0.753322482109,-0.314276427031,-0.590098619461,-0.501950502396,-0.171231001616,-0.140660479665
0.0897505953908,-0.0352017991245,0.784186601639,0.999998033047,0.00188524858095,0.000553950143512,0.000391327310354,-0.193988665938,0.0222629904747,0.0750200226903,0.377341479063,-0.188430264592,-0.0178133659065,-0.182319149375,-0.0267527401447,-0.0368632264435,0.369640529156,-0.21133159101,-0.00197860575281,-0.0164697375149,-0.0266846492887,0.201507329941,0.610865175724,0.617520570755,-0.2622423172,0.355324745178,-0.168640553951,-0.173221603036,0.128744453192,0.768193304539,-0.759917736053,-0.322882264853,-0.599140405655,-0.503324270248,-0.169289708138,-0.142207100987
0.0875762179494,-0.0250264946371,0.784738004208,0.999997854233,0.00142492749728,0.000805794086773,0.00126404187176,-0.190548598766,0.0238505043089,0.0706978142262,0.37478774786,-0.182514250278,-0.0159876011312,-0.178069621325,-0.025335945189,-0.0370163358748,0.35950538516,-0.208267971873,-0.00301989540458,-0.0142882978544,-0.0272617284209,0.200001686811,0.60716688633,0.617296218872,-0.264963716269,0.35680821538,-0.180486798286,-0.178134575486,0.13756711781,0.770151793957,-0.754976332188,-0.332385778427,-0.60338062048,-0.498442292213,-0.173394307494,-0.156219735742
0.09018509835,-0.0344038456678,0.784599661827,0.999997735023,0.00189771887381,0.000910051399842,0.000190622929949,-0.192343920469,0.0225145872682,0.0750899538398,0.374104857445,-0.186799362302,-0.0168490391225,-0.181293353438,-0.0275999959558,-0.0393690802157,0.367880016565,-0.208140820265,-0.00108810595702,-0.0164524018764,-0.0280904155225,0.203163266182,0.612243175507,0.618808567524,-0.264589041471,0.346658229828,-0.173205599189,-0.178005620837,0.134864985943,0.763942599297,-0.769607722759,-0.33498185873,-0.614277243614,-0.489990472794,-0.166274383664,-0.150879099965
0.0933902561665,-0.0353558063507,0.784752845764,0.999997496605,0.00197245669551,0.00102876615711,-3.38078352797e-05,-0.191710665822,0.0229154378176,0.0767612978816,0.373115211725,-0.186676815152,-0.0168895199895,-0.181104704738,-0.0276994388551,-0.0396768003702,0.367260873318,-0.20827370882,1.51171816469e-05,-0.0166835300624,-0.0289226751775,0.203741207719,0.613299846649,0.617470920086,-0.264369636774,0.341883599758,-0.1778986305,-0.180487349629,0.136833235621,0.761029660702,-0.773441255093,-0.340481281281,-0.620780229568,-0.483853518963,-0.167583465576,-0.153336346149
0.0974005535245,-0.03702442348,0.784750342369,0.999997437,0.00205344124697,0.000886816356797,-0.000284185865894,-0.190669432282,0.0232402849942,0.0783673673868,0.372301727533,-0.186872661114,-0.0170906074345,-0.180103138089,-0.0277719907463,-0.0389426350594,0.366869866848,-0.208763822913,0.00057816010667,-0.0164759848267,-0.0295416973531,0.203884139657,0.613206088543,0.615924358368,-0.264455914497,0.339258819818,-0.181620448828,-0.181732535362,0.137136101723,0.757668673992,-0.77735543251,-0.345503866673,-0.624941825867,-0.480706781149,-0.170544803143,-0.155137807131
0.102608449757,-0.038693331182,0.784659266472,0.999997079372,0.00217608385719,0.000600482686423,-0.000825319613796,-0.188990756869,0.0233057867736,0.0798511952162,0.371583521366,-0.187672019005,-0.0174357220531,-0.178836941719,-0.0280249994248,-0.0379035249352,0.367357641459,-0.208693057299,0.0010857594898,-0.0161040108651,-0.0303149111569,0.204148456454,0.613199234009,0.614301145077,-0.265721142292,0.338286280632,-0.18440310657,-0.182628408074,0.137520954013,0.753300130367,-0.783689796925,-0.350890785456,-0.627877175808,-0.482564479113,-0.17177978158,-0.157975152135
0.11117195338,-0.0399886704981,0.78452450037,0.99999666214,0.00223833462223,0.000124564714497,-0.00130437698681,-0.187445193529,0.0233299732208,0.0815143883228,0.372143954039,-0.18925191462,-0.0179750528187,-0.177728444338,-0.0284030456096,-0.0375313125551,0.368819355965,-0.209174573421,0.00177630153485,-0.0163364857435,-0.0309836249799,0.205336466432,0.613094508648,0.613292276859,-0.267019093037,0.338301748037,-0.185299918056,-0.182833552361,0.139481380582,0.749171614647,-0.791290462017,-0.357284903526,-0.631436765194,-0.489254415035,-0.170312583447,-0.160751327872
0.12044788152,-0.0289098992944,0.784516096115,0.999996364117,0.00166021287441,-0.000334466021741,-0.0020799508784,-0.183304056525,0.0259960740805,0.0766185373068,0.372833788395,-0.183884352446,-0.0165332853794,-0.172949939966,-0.0266811717302,-0.0385967381299,0.363308191299,-0.205794289708,0.000715241592843,-0.015428384766,-0.0313575565815,0.204957917333,0.606574833393,0.607468962669,-0.274570971727,0.351556330919,-0.191615566611,-0.181923300028,0.145916178823,0.745254337788,-0.786612093449,-0.364681333303,-0.628113150597,-0.485487937927,-0.170891806483,-0.177148267627
0.123135790229,-0.0405043438077,0.784029364586,0.999997437,0.00221417332068,-0.000356049829861,0.000236493418925,-0.189330101013,0.0220347102731,0.0778818204999,0.378679901361,-0.192167371511,-0.0182360820472,-0.177619844675,-0.0302901025862,-0.0424118824303,0.373772263527,-0.212904542685,0.00311842071824,-0.0207636505365,-0.0310204531997,0.206732422113,0.614642083645,0.612048685551,-0.272183597088,0.344491124153,-0.188931271434,-0.182575941086,0.140252739191,0.745860934258,-0.802753508091,-0.37512409687,-0.640376925468,-0.49185821414,-0.16924752295,-0.168179452419
0.120363034308,-0.0411554984748,0.783842206001,0.999996960163,0.00232783425599,-0.000474263651995,0.000615431577899,-0.190467953682,0.0218458473682,0.0782071724534,0.381478101015,-0.193655565381,-0.0194134581834,-0.179766863585,-0.0307412259281,-0.0432636514306,0.377998411655,-0.216251060367,0.00316719501279,-0.0215571578592,-0.0313837826252,0.208269461989,0.615484774113,0.612214267254,-0.272186219692,0.344615250826,-0.189769953489,-0.182763874531,0.139840036631,0.748123764992,-0.808236777782,-0.386498481035,-0.648302018642,-0.490278422832,-0.170692965388,-0.169634178281
0.11857856065,-0.0422426313162,0.783642709255,0.999996125698,0.00258444692008,-0.000582272943575,0.000840777880512,-0.190726846457,0.0215863585472,0.079149119556,0.382618248463,-0.19500926137,-0.020543275401,-0.182048335671,-0.0309421401471,-0.0424786806107,0.382894307375,-0.220173791051,0.00311181205325,-0.0216712504625,-0.0322869159281,0.209613740444,0.616722643375,0.612418711185,-0.270924150944,0.342322409153,-0.18837697804,-0.182051450014,0.141312256455,0.752205729485,-0.812530219555,-0.396282762289,-0.656666755676,-0.490804463625,-0.173191979527,-0.169677585363
0.118964500725,-0.0427062958479,0.783532321453,0.999995052814,0.00293005816638,-0.000740431307349,0.000911374751013,-0.189763560891,0.0207885149866,0.0792029574513,0.382547199726,-0.195798411965,-0.0205172486603,-0.18375313282,-0.0311496611685,-0.0410249456763,0.387569993734,-0.222676083446,0.00320412311703,-0.0212578047067,-0.0333695933223,0.210759624839,0.618538498878,0.612975001335,-0.26985219121,0.339595675468,-0.185176387429,-0.180969342589,0.14381994307,0.755449593067,-0.818419754505,-0.404916793108,-0.664103507996,-0.495617806911,-0.174856588244,-0.168827354908
0.121883749962,-0.0424389764667,0.783433139324,0.999993681908,0.00322843343019,-0.000982495839708,0.0011102395365,-0.188406258821,0.0198020879179,0.0792070776224,0.382039159536,-0.196617469192,-0.020392395556,-0.184635668993,-0.0319100394845,-0.0407552048564,0.391008853912,-0.224042788148,0.00330365216359,-0.0212507396936,-0.0344176739454,0.212311133742,0.619906067848,0.613739550114,-0.267470926046,0.337211579084,-0.181010350585,-0.179691508412,0.147592023015,0.75790899992,-0.824761807919,-0.411969065666,-0.66954690218,-0.502421617508,-0.174006447196,-0.166279748082
0.135408252478,-0.0301257371902,0.783546566963,0.999992609024,0.00281805568375,-0.00118717120495,0.00234253751114,-0.18554097414,0.0206998437643,0.0715367123485,0.381384432316,-0.19220417738,-0.0174329113215,-0.181954741478,-0.0314006768167,-0.0417263694108,0.383630126715,-0.222366183996,0.000920495425817,-0.0215570628643,-0.0340209193528,0.211165055633,0.618239700794,0.613541483879,-0.270139157772,0.341424018145,-0.192904874682,-0.180338650942,0.155914351344,0.762754797935,-0.822051465511,-0.420919448137,-0.663387596607,-0.502161562443,-0.177826121449,-0.176171541214
0.135930970311,-0.041000906378,0.783289968967,0.999991476536,0.00329598342068,-0.00100809172727,0.00228384602815,-0.189012601972,0.0175945311785,0.0737687200308,0.382505953312,-0.196951910853,-0.0209198743105,-0.185390755534,-0.0334157310426,-0.0437617227435,0.393460303545,-0.225116461515,0.00436403974891,-0.0224234331399,-0.0344575829804,0.213349714875,0.62177914381,0.615596294403,-0.263906568289,0.338382780552,-0.186964914203,-0.178264141083,0.151258572936,0.759929001331,-0.835930645466,-0.422079831362,-0.675184607506,-0.494286298752,-0.170647472143,-0.163489431143
0.141382947564,-0.0415320731699,0.783278346062,0.999990403652,0.00328468554653,-0.00114399800077,0.00265491008759,-0.190406680107,0.016870751977,0.0728412494063,0.384690880775,-0.197797268629,-0.0203256960958,-0.186440780759,-0.0337210409343,-0.0451256819069,0.395522773266,-0.227401763201,0.00426735775545,-0.0217342618853,-0.0346326343715,0.215371623635,0.621662795544,0.617165803909,-0.263038396835,0.338709741831,-0.192226946354,-0.17875880003,0.151494219899,0.761334478855,-0.841604232788,-0.429080963135,-0.680204212666,-0.486784398556,-0.169071421027,-0.160300001502
0.137823700905,-0.042172677815,0.783103764057,0.999989211559,0.00328356190585,-0.00131755159236,0.00300136790611,-0.191698312759,0.0163372159004,0.072943367064,0.387891054153,-0.198853284121,-0.018862599507,-0.187565088272,-0.0339012667537,-0.0456319078803,0.398358911276,-0.230578556657,0.00341335427947,-0.0209176205099,-0.0350472703576,0.218069985509,0.621241986752,0.618602216244,-0.26227080822,0.339128136635,-0.193558588624,-0.179708197713,0.152048319578,0.762777209282,-0.846711993217,-0.435819476843,-0.685069262981,-0.484143733978,-0.169442757964,-0.15664550662
0.132401719689,-0.0425058379769,0.782834470272,0.99998986721,0.00328400474973,-0.00138724024873,0.00276477308944,-0.192576676607,0.0162456929684,0.0732848793268,0.391339182854,-0.200463414192,-0.0176235754043,-0.189249396324,-0.0341339223087,-0.0454927124083,0.402352452278,-0.232842057943,0.00248016882688,-0.0200406685472,-0.035567831248,0.220698237419,0.621496617794,0.618844866753,-0.261672765017,0.340106666088,-0.191833734512,-0.180351451039,0.153367474675,0.762804329395,-0.852052152157,-0.441877901554,-0.689429402351,-0.485054016113,-0.169442474842,-0.15303657949
0.130585759878,-0.0426500216126,0.782484352589,0.999991059303,0.00322725344449,-0.00130979588721,0.00238329358399,-0.193320468068,0.0168958380818,0.0743866637349,0.394914925098,-0.202811330557,-0.0172202121466,-0.191357240081,-0.034375090152,-0.0453831218183,0.406616657972,-0.233806475997,0.00188977317885,-0.0198221635073,-0.0362209863961,0.223656982183,0.621895849705,0.61788892746,-0.260483145714,0.340409696102,-0.186166241765,-0.180459141731,0.155456855893,0.761195480824,-0.856461942196,-0.446454823017,-0.693253934383,-0.489075601101,-0.168624460697,-0.149896502495
0.143557518721,-0.0319930762053,0.782349944115,0.999988794327,0.00262221158482,-0.000998806324787,0.00381293846294,-0.193846032023,0.0190307293087,0.0680521130562,0.398164689541,-0.200421184301,-0.0141593087465,-0.190560474992,-0.0332890897989,-0.0454765446484,0.402517944574,-0.23237799108,-0.000274979131063,-0.0205533280969,-0.0357596054673,0.222333803773,0.621311128139,0.616935610771,-0.263241499662,0.343413442373,-0.196157559752,-0.182247340679,0.164103671908,0.759333968163,-0.850745618343,-0.450966179371,-0.686014890671,-0.484682261944,-0.169437021017,-0.159692645073
0.139663740993,-0.0428048148751,0.782039284706,0.999993562698,0.00270584970713,-0.000245076254942,0.00234151585028,-0.198805689812,0.0176679454744,0.0721006914973,0.40153798461,-0.207215800881,-0.0172648262233,-0.19717438519,-0.0341652780771,-0.046844817698,0.412815600634,-0.232519641519,0.00200117542408,-0.0217115338892,-0.0358935333788,0.225686460733,0.621911764145,0.617639362812,-0.259951591492,0.339753121138,-0.187207490206,-0.182335287333,0.158286556602,0.749419927597,-0.86178278923,-0.446981608868,-0.699232518673,-0.478190779686,-0.167629525065,-0.149688631296
0.151584893465,-0.0442384704947,0.782043814659,0.999994754791,0.00257618981414,0.00014188264322,0.00195390451699,-0.200492665172,0.0179684218019,0.071964122355,0.401874959469,-0.207689166069,-0.0173263344914,-0.19826002419,-0.0337560512125,-0.0465968735516,0.412114083767,-0.232368767262,0.00274665514007,-0.0213951710612,-0.0359654948115,0.226937666535,0.621155977249,0.618126630783,-0.260936141014,0.338819563389,-0.191216886044,-0.183578431606,0.158702760935,0.745322883129,-0.863688886166,-0.447815418243,-0.703527867794,-0.471937030554,-0.1684063375,-0.148302555084
0.16404914856,-0.0467929653823,0.782173931599,0.99999576807,0.00254122726619,0.000208607001696,0.00142046518158,-0.19968663156,0.0181248784065,0.0721876695752,0.400301933289,-0.207410573959,-0.0166728887707,-0.197055727243,-0.0333771184087,-0.0459045171738,0.408854067326,-0.232173502445,0.0028890571557,-0.0203353445977,-0.0363386049867,0.228222832084,0.619785666466,0.61895352602,-0.261959046125,0.338709175587,-0.190209999681,-0.18356770277,0.158602103591,0.743430316448,-0.865206956863,-0.448413789272,-0.706135928631,-0.47068592906,-0.170381143689,-0.146799400449
0.166140764952,-0.0485210567713,0.782423973083,0.999996721745,0.00250994949602,0.000184200136573,0.000468140206067,-0.198503226042,0.018072957173,0.0722750201821,0.398668587208,-0.206512480974,-0.015079446137,-0.195605665445,-0.033023044467,-0.0450545735657,0.405368566513,-0.231038838625,0.00287361373194,-0.0183271225542,-0.0366386286914,0.229567795992,0.617868900299,0.619975924492,-0.263295263052,0.337960898876,-0.187208890915,-0.182402998209,0.159603148699,0.741240143776,-0.866136968136,-0.449340969324,-0.707506299019,-0.47632342577,-0.170638889074,-0.145085260272
0.162219703197,-0.048093765974,0.782644867897,0.999996900558,0.00245941965841,0.000220082802116,-0.000311216630507,-0.198693484068,0.0174711626023,0.0727610588074,0.39846009016,-0.207266286016,-0.0126785868779,-0.195461839437,-0.0328857749701,-0.0445303693414,0.404248207808,-0.230880990624,0.00355347665027,-0.0163962449878,-0.037066873163,0.231689065695,0.615706145763,0.620834589005,-0.263985395432,0.336273014545,-0.184041053057,-0.180451095104,0.161790326238,0.739099502563,-0.865507483482,-0.451815336943,-0.709014236927,-0.488534420729,-0.164068087935,-0.144332751632
0.161927834153,-0.0352014601231,0.782931566238,0.999998152256,0.00189891667105,-8.01792702987e-06,0.000251747085713,-0.198275372386,0.0196657963097,0.0694335103035,0.401418358088,-0.205292090774,-0.00878634583205,-0.192073315382,-0.03251459077,-0.0463409498334,0.397111386061,-0.227179482579,0.0016656962689,-0.0151011832058,-0.0371260941029,0.232701376081,0.60997146368,0.618036031723,-0.263412594795,0.339789390564,-0.190036445856,-0.183466270566,0.172453373671,0.736990630627,-0.853362381458,-0.455292493105,-0.700177907944,-0.49113214016,-0.167781859636,-0.160257354379
0.158815905452,-0.046100128442,0.782299458981,0.999997317791,0.00207157433033,0.000831430312246,-0.00068395253038,-0.206270992756,0.0171739589423,0.0716159939766,0.410245716572,-0.212721928954,-0.00984405726194,-0.199320361018,-0.0346052311361,-0.0496297255158,0.409798711538,-0.233343616128,0.0054422528483,-0.0161106958985,-0.0379650294781,0.236509054899,0.615766882896,0.618720412254,-0.260182112455,0.331899911165,-0.189040973783,-0.183935537934,0.163695946336,0.733220815659,-0.856357216835,-0.454852998257,-0.710984289646,-0.492182523012,-0.162481293082,-0.154616206884
0.162016585469,-0.0466974079609,0.781886935234,0.999996423721,0.00197142316028,0.00171372841578,-0.000600407423917,-0.213498026133,0.0177819766104,0.0733355209231,0.419576317072,-0.216161206365,-0.00997809227556,-0.205258518457,-0.0359303317964,-0.0528190582991,0.416796296835,-0.236235246062,0.00525876041502,-0.015892740339,-0.0391041263938,0.240158885717,0.615072965622,0.615439355373,-0.257553339005,0.33150100708,-0.195675879717,-0.188653722405,0.164669215679,0.733135163784,-0.849219977856,-0.457284420729,-0.714067339897,-0.484467118979,-0.167057663202,-0.156793579459
0.168448761106,-0.04779708758,0.781774997711,0.999994754791,0.00193766376469,0.00253596552648,-0.000615051656496,-0.217163041234,0.0186665784568,0.0750854164362,0.423254340887,-0.216189861298,-0.0105026103556,-0.209323585033,-0.0362150259316,-0.0539619848132,0.419767826796,-0.235330983996,0.00373213551939,-0.0161740072072,-0.0406881310046,0.242571681738,0.616366147995,0.61326366663,-0.255433410406,0.331807762384,-0.196816831827,-0.18960621953,0.167822733521,0.735804796219,-0.844601631165,-0.460335582495,-0.718178868294,-0.478717595339,-0.173731476068,-0.158448010683
0.174803182483,-0.0481418520212,0.782088041306,0.999993741512,0.00208423053846,0.00271761487238,-0.000918248377275,-0.215345725417,0.0189243070781,0.0758001059294,0.420145511627,-0.213516324759,-0.00991454347968,-0.209590315819,-0.0362908728421,-0.0542789921165,0.417359054089,-0.231307551265,0.00205752137117,-0.0149805080146,-0.0428187139332,0.244887068868,0.617324233055,0.615695774555,-0.25526830554,0.328718960285,-0.191481307149,-0.188659355044,0.172209143639,0.739416539669,-0.845053136349,-0.461936116219,-0.722900092602,-0.478308022022,-0.177044302225,-0.159635648131
0.175705179572,-0.0475297421217,0.782680571079,0.999993741512,0.00218025106005,0.00265388260596,-0.000807041244116,-0.21164278686,0.0187680143863,0.0756047144532,0.413109123707,-0.209542095661,-0.00974806025624,-0.20722091198,-0.0364595390856,-0.0556890405715,0.41060590744,-0.226268783212,0.00139919959474,-0.013187401928,-0.0449000671506,0.247272416949,0.617668449879,0.621201336384,-0.254918277264,0.322652190924,-0.181726396084,-0.18709872663,0.177082270384,0.743900954723,-0.848324179649,-0.46285417676,-0.72782689333,-0.479996502399,-0.176109060645,-0.160910174251
0.1683806777,-0.035062585026,0.783737897873,0.999995708466,0.00163486436941,0.00212192325853,0.00113314623013,-0.206047803164,0.0199063625187,0.0683809667826,0.403331041336,-0.199273645878,-0.00846240017563,-0.198375105858,-0.0355719812214,-0.057824678719,0.394692063332,-0.219763144851,-0.000466301105917,-0.0115650882944,-0.0452945046127,0.246288299561,0.61411768198,0.624454140663,-0.25720089674,0.322197526693,-0.183635398746,-0.188544780016,0.185917884111,0.748843669891,-0.843027532101,-0.464471966028,-0.725809216499,-0.477331221104,-0.177480265498,-0.171304434538
0.165693759918,-0.0468840040267,0.783635795116,0.999992847443,0.00202526850626,0.00307421013713,0.000911853392608,-0.209673911333,0.0191610138863,0.0731598362327,0.40393871069,-0.202426567674,-0.010734109208,-0.201512560248,-0.0378502160311,-0.0624634288251,0.396951496601,-0.219630286098,0.00236981431954,-0.0112349018455,-0.0475871674716,0.251025646925,0.620088219643,0.630910634995,-0.253004312515,0.311192244291,-0.174369633198,-0.18787305057,0.181076049805,0.751401364803,-0.853159070015,-0.468688666821,-0.735687732697,-0.475120931864,-0.174953699112,-0.170464858413
0.163798853755,-0.0483166836202,0.78405559063,0.999990940094,0.0019391985843,0.00323404697701,0.00196631927975,-0.209851399064,0.0194340776652,0.0728991553187,0.400846123695,-0.199567258358,-0.0113011859357,-0.199044361711,-0.0383618213236,-0.0651335790753,0.391431629658,-0.218539103866,0.00272953370586,-0.00952532142401,-0.0488642565906,0.253027170897,0.621529877186,0.634876251221,-0.250214844942,0.304346442223,-0.172867268324,-0.187855809927,0.182614579797,0.754561781883,-0.856332540512,-0.471864432096,-0.739089488983,-0.473601490259,-0.174110084772,-0.174629405141
0.165021255612,-0.0501630231738,0.784317553043,0.999988138676,0.00189916184172,0.00323723419569,0.00311405514367,-0.210135966539,0.0194942746311,0.0729728415608,0.398566246033,-0.197425156832,-0.011437070556,-0.197232276201,-0.0386923626065,-0.0665826871991,0.387988507748,-0.218227922916,0.00302445702255,-0.00739095872268,-0.049965262413,0.254600584507,0.622464835644,0.637903392315,-0.24796910584,0.299814403057,-0.170808792114,-0.187190011144,0.183390855789,0.755454838276,-0.859885454178,-0.474848806858,-0.74107915163,-0.471144884825,-0.173066809773,-0.176823034883
0.169535204768,-0.0513686314225,0.78456890583,0.999985098839,0.00190415023826,0.00319052208215,0.0039862273261,-0.209956288338,0.0194195415825,0.073369666934,0.396663159132,-0.195684328675,-0.0109679428861,-0.195613607764,-0.039249137044,-0.0677990838885,0.385436445475,-0.217006608844,0.00347564695403,-0.00451845349744,-0.0511077195406,0.255838692188,0.624071359634,0.639936447144,-0.246330827475,0.296230614185,-0.167075246572,-0.186823248863,0.184422075748,0.75488704443,-0.864418029785,-0.476037681103,-0.742387890816,-0.472505271435,-0.170148685575,-0.177602723241
0.179778367281,-0.05187600106,0.784704983234,0.999981760979,0.00181974621955,0.00297520752065,0.00494096195325,-0.209543943405,0.0195860154927,0.0742812827229,0.396598488092,-0.195632070303,-0.0103028761223,-0.194373607635,-0.0401346683502,-0.0700618773699,0.383918195963,-0.215189918876,0.00394315226004,-0.00148099719081,-0.052183996886,0.257530659437,0.626244544983,0.640895605087,-0.243808567524,0.292600631714,-0.161342009902,-0.187644541264,0.186123922467,0.75526368618,-0.868818879128,-0.475221455097,-0.744558572769,-0.479121744633,-0.16517457366,-0.176516264677
0.186739265919,-0.0386375151575,0.784992039204,0.999972701073,0.00139003875665,0.00240077427588,0.00684980116785,-0.206161364913,0.0208894461393,0.0680360123515,0.39644369483,-0.190796285868,-0.00860577169806,-0.188362196088,-0.0406784452498,-0.0737266242504,0.375380814075,-0.212445452809,0.00231261504814,0.00202492065728,-0.0529664903879,0.255526423454,0.624348342419,0.639073371887,-0.242495134473,0.293725013733,-0.168304443359,-0.190848499537,0.192363783717,0.752881348133,-0.863699734211,-0.474338501692,-0.739253640175,-0.478918492794,-0.164296627045,-0.183086752892
0.21043010056,-0.0518849268556,0.784894049168,0.999973237514,0.00158552569337,0.00260515557602,0.00665571168065,-0.209417462349,0.0194843672216,0.0717671811581,0.398293405771,-0.195260375738,-0.0108969202265,-0.192229479551,-0.0436080656946,-0.078684464097,0.382464766502,-0.211414560676,0.00524895451963,0.00335310492665,-0.0541218705475,0.260260105133,0.63284099102,0.642362535,-0.237355783582,0.286786913872,-0.157787427306,-0.190742939711,0.186670705676,0.752182126045,-0.878844261169,-0.47444742918,-0.750088512897,-0.475816786289,-0.159841284156,-0.179789751768
0.208882153034,-0.0517833344638,0.78494811058,0.999969601631,0.00152743782382,0.00241198553704,0.00725723803043,-0.209291934967,0.0195283703506,0.0714839324355,0.398315221071,-0.195037126541,-0.0114388074726,-0.191663980484,-0.0445631481707,-0.0804176107049,0.382644504309,-0.210802078247,0.00643540592864,0.00617464259267,-0.0550354532897,0.261631637812,0.635104298592,0.642791986465,-0.233553126454,0.282815009356,-0.156035065651,-0.191329583526,0.185843467712,0.747120797634,-0.885791420937,-0.474853754044,-0.754125595093,-0.470308601856,-0.158078417182,-0.178491964936
0.20339012146,-0.0522565878928,0.784914851189,0.999966740608,0.0015854985686,0.00215504108928,0.0077011147514,-0.209059640765,0.0193057600409,0.0715958625078,0.398037284613,-0.194236695766,-0.0118810152635,-0.190956920385,-0.0451062321663,-0.0807110443711,0.382854580879,-0.210439562798,0.00740957772359,0.00869643036276,-0.0558580346406,0.262732684612,0.636230409145,0.642162382603,-0.230152577162,0.279103785753,-0.153115853667,-0.190645679832,0.184365436435,0.740538835526,-0.890692710876,-0.473681926727,-0.757025837898,-0.467465668917,-0.157001271844,-0.175920620561
0.200925812125,-0.0520493164659,0.7849214077,0.999967932701,0.00175465678331,0.0019179917872,0.00757431332022,-0.207787796855,0.0186578314751,0.0719534158707,0.396856337786,-0.193349763751,-0.0118405241519,-0.190267056227,-0.0455434396863,-0.0805593132973,0.382813453674,-0.209192663431,0.00826497748494,0.0111123500392,-0.056862283498,0.263686060905,0.638179242611,0.640369415283,-0.226547792554,0.27459743619,-0.150940775871,-0.188641041517,0.182574704289,0.732093274593,-0.895639657974,-0.470726162195,-0.758670151234,-0.469642102718,-0.152699664235,-0.172643512487
0.202597543597,-0.0510201007128,0.784929096699,0.99996805191,0.00186369696166,0.00161762803327,0.00760390050709,-0.206632986665,0.0177759379148,0.0726419091225,0.395972430706,-0.192733451724,-0.0114096347243,-0.189783811569,-0.0460729748011,-0.0812944546342,0.383011937141,-0.207827478647,0.00911803450435,0.013221822679,-0.0574972890317,0.265724986792,0.639528632164,0.639305472374,-0.22284348309,0.268839120865,-0.147439077497,-0.186027735472,0.180410087109,0.72252625227,-0.900632023811,-0.467104077339,-0.760233104229,-0.475977838039,-0.143270850182,-0.16777330637
0.204101890326,-0.0375356115401,0.785366475582,0.99997150898,0.00116528605577,0.000842051114887,0.00740454113111,-0.2044095397,0.0193169377744,0.065422937274,0.395561426878,-0.186702519655,-0.00996503327042,-0.185209572315,-0.0446764305234,-0.0830560997128,0.376292437315,-0.203139364719,0.00777202332392,0.0157620199025,-0.0563627257943,0.264976024628,0.639860332012,0.635880410671,-0.22219055891,0.26792511344,-0.151054993272,-0.185545638204,0.183968394995,0.708928108215,-0.895715296268,-0.45953887701,-0.758001863956,-0.477073013783,-0.138333112001,-0.169245705009
0.215540319681,-0.0496202334762,0.784496605396,0.999959588051,0.00182182854041,0.000807815638836,0.00876316707581,-0.208487033844,0.0165996085852,0.0719282105565,0.401473850012,-0.195005953312,-0.0108576854691,-0.190771698952,-0.0489597804844,-0.086592964828,0.389550089836,-0.210397616029,0.0115216504782,0.0165906716138,-0.0570835098624,0.27253857255,0.64085572958,0.638150930405,-0.216867402196,0.261781662703,-0.142174765468,-0.185925081372,0.170805931091,0.698406100273,-0.904347777367,-0.455557525158,-0.767772555351,-0.467123508453,-0.124763384461,-0.161712244153
0.222939908504,-0.050087608397,0.784039855003,0.99995470047,0.0019546712283,0.000265514623607,0.00931345764548,-0.210187554359,0.0160719398409,0.0727663934231,0.405822068453,-0.19704964757,-0.0111531605944,-0.193037420511,-0.0502809993923,-0.0873822569847,0.396192759275,-0.215654581785,0.012274088338,0.0194794386625,-0.0572157241404,0.277425438166,0.639500260353,0.63830780983,-0.213305339217,0.258211284876,-0.138357654214,-0.187182337046,0.166648194194,0.68442440033,-0.9045997262,-0.448609918356,-0.777638316154,-0.460357815027,-0.117697767913,-0.15291082859
0.223710149527,-0.050954144448,0.783597886562,0.999952793121,0.00219092471525,-0.000235663857893,0.0094577902928,-0.210487648845,0.0158307664096,0.0735438466072,0.408002406359,-0.198655486107,-0.0116471108049,-0.195148989558,-0.0512330643833,-0.0872552841902,0.40241470933,-0.21949724853,0.0126428864896,0.0222469661385,-0.0577330179513,0.281585633755,0.637980043888,0.638413786888,-0.210416316986,0.254208862782,-0.131703406572,-0.186736747622,0.16492561996,0.672339856625,-0.904908180237,-0.443389117718,-0.787742376328,-0.462276160717,-0.113983243704,-0.143786624074
0.217451944947,-0.0514037832618,0.78324764967,0.999955236912,0.00250315363519,-0.000571600685362,0.00910529401153,-0.209118038416,0.0154858501628,0.0742722451687,0.407438129187,-0.199599549174,-0.0114884348586,-0.196873262525,-0.0517896786332,-0.0863261520863,0.40719294548,-0.221115633845,0.0129796434194,0.0250575132668,-0.0585082992911,0.284579217434,0.637644529343,0.637967169285,-0.208136171103,0.249938696623,-0.121508747339,-0.184555634856,0.164033040404,0.659727334976,-0.906423330307,-0.438533008099,-0.795202732086,-0.473100036383,-0.109287150204,-0.133601218462
0.213514938951,-0.0517040640116,0.78302615881,0.999953567982,0.00277508888394,-0.000854563782923,0.00919121596962,-0.207323238254,0.0147644560784,0.0748119130731,0.405527770519,-0.199764400721,-0.0107418168336,-0.19725780189,-0.0525844693184,-0.0864166617393,0.409265220165,-0.221484944224,0.0137267699465,0.0270828511566,-0.0593026056886,0.287468731403,0.637007892132,0.637184023857,-0.205853775144,0.245815470815,-0.108455270529,-0.181749105453,0.163635835052,0.646494567394,-0.907910823822,-0.433685898781,-0.798206031322,-0.490861147642,-0.100555479527,-0.123024582863
0.205530136824,-0.0384307391942,0.783024311066,0.99994289875,0.0024583095219,-0.00101765582804,0.0103435795754,-0.205369755626,0.0157180987298,0.0675196945667,0.403135687113,-0.192133769393,-0.00814139097929,-0.192416489124,-0.0524084828794,-0.0880345925689,0.401378959417,-0.219552010298,0.0124215949327,0.0283993501216,-0.0591179654002,0.286374896765,0.63346350193,0.63369166851,-0.205446571112,0.244377538562,-0.108650662005,-0.181156426668,0.168057411909,0.627098500729,-0.899221420288,-0.427255153656,-0.792868971825,-0.505567371845,-0.091890014708,-0.119085557759
0.221828982234,-0.0521955452859,0.783029913902,0.999935865402,0.00299892295152,-0.000544029753655,0.0109064336866,-0.207134738564,0.0129746478051,0.0711487829685,0.400708913803,-0.196611434221,-0.0111503666267,-0.195741668344,-0.054967366159,-0.0910631716251,0.406484305859,-0.22159487009,0.0155363520607,0.0302541609854,-0.0598222203553,0.291157513857,0.63508027792,0.635580301285,-0.20114633441,0.240712568164,-0.0958573147655,-0.17977887392,0.159728392959,0.620306372643,-0.90480530262,-0.424869954586,-0.798062622547,-0.512424349785,-0.0803464353085,-0.111436523497
0.234163299203,-0.0532264634967,0.783132255077,0.999931871891,0.0030601520557,-0.000282096094452,0.0112562235445,-0.207690417767,0.0124994385988,0.070454582572,0.398291230202,-0.194278880954,-0.0116040762514,-0.195243492723,-0.0550691746175,-0.0919324085116,0.404342114925,-0.222601801157,0.0155789405107,0.0338537395,-0.0599277205765,0.293201088905,0.634066462517,0.634824872017,-0.19840605557,0.237874686718,-0.0950781852007,-0.180346101522,0.157322943211,0.608781456947,-0.902023077011,-0.422147095203,-0.798716723919,-0.520631492138,-0.0708113983274,-0.106603167951
0.249494045973,-0.0551431775093,0.783171534538,0.999930262566,0.0032510694582,-0.000160364623298,0.0113508142531,-0.207605585456,0.0120805371553,0.0723998993635,0.396272540092,-0.193754121661,-0.0118748107925,-0.195536315441,-0.0552676431835,-0.0913145840168,0.405136436224,-0.225639402866,0.0156374871731,0.0378370769322,-0.0605358630419,0.295515328646,0.633873939514,0.634604156017,-0.195155456662,0.236743018031,-0.0947789177299,-0.181365847588,0.154924839735,0.596035718918,-0.900506436825,-0.418567329645,-0.800399184227,-0.528113722801,-0.061612110585,-0.102250464261
0.259821027517,-0.0566897317767,0.783108115196,0.999936521053,0.00361128803343,-8.32925288705e-05,0.0106756109744,-0.206995293498,0.0118500757962,0.0753199383616,0.395655930042,-0.194296047091,-0.0115601206198,-0.196682929993,-0.056255813688,-0.0912697687745,0.408397912979,-0.228363737464,0.0161901786923,0.0419535525143,-0.0619845204055,0.298832267523,0.634096205235,0.63261026144,-0.190279066563,0.235427558422,-0.092419706285,-0.182442888618,0.151446193457,0.581800997257,-0.899256944656,-0.412396192551,-0.801285266876,-0.537734985352,-0.0529710017145,-0.0978390574455
0.262002825737,-0.0568217672408,0.782871305943,0.99994212389,0.00406498834491,-0.000213355189771,0.00995852053165,-0.205421626568,0.0114771304652,0.0780868455768,0.395957827568,-0.19579538703,-0.0109963389114,-0.197997152805,-0.0583639517426,-0.0928274840117,0.413476139307,-0.230053395033,0.0172827932984,0.0454788468778,-0.0641025155783,0.304310381413,0.633920311928,0.628848433495,-0.185334742069,0.233674734831,-0.0856427252293,-0.183241531253,0.148361444473,0.563436448574,-0.898088812828,-0.40319442749,-0.79992556572,-0.553031742573,-0.0428771264851,-0.0904865041375
0.259563714266,-0.0427353531122,0.782443702221,0.999939978123,0.00396292237565,-0.000715221394785,0.0101879304275,-0.202673181891,0.01228020899,0.071454808116,0.398093611002,-0.193435415626,-0.00665311515331,-0.195512190461,-0.0587891750038,-0.0939897298813,0.412925362587,-0.229314729571,0.014956782572,0.0483624711633,-0.0652090460062,0.307577461004,0.628045678139,0.620523154736,-0.189633309841,0.240869626403,-0.0908630043268,-0.185001581907,0.154842704535,0.537325799465,-0.887156486511,-0.391921430826,-0.790124237537,-0.56940972805,-0.035071991384,-0.0901869013906
0.259342700243,-0.0548985861242,0.782317757607,0.999932765961,0.00442982371897,-0.00034268037416,0.0107075367123,-0.204552069306,0.0101392706856,0.0760160684586,0.399192750454,-0.199902817607,-0.0103513309732,-0.198678582907,-0.0625790655613,-0.100185334682,0.420027017593,-0.233622059226,0.0201675258577,0.0487255565822,-0.0662890821695,0.314366102219,0.634978473186,0.623059511185,-0.180033758283,0.23355384171,-0.0763642266393,-0.186911314726,0.144911453128,0.516158699989,-0.894391775131,-0.384292215109,-0.796951651573,-0.571079850197,-0.0240003075451,-0.0745613873005
0.259872287512,-0.0549986213446,0.78234064579,0.999931514263,0.00438771490008,-0.000212316968828,0.0108431922272,-0.204388618469,0.0109276343137,0.0766114369035,0.39875793457,-0.20040743053,-0.0107539258897,-0.198532581329,-0.062494918704,-0.101389288902,0.41900369525,-0.233387321234,0.0208306740969,0.0518498942256,-0.0670317560434,0.318043112755,0.631290972233,0.622521281242,-0.179053857923,0.234726011753,-0.0728026032448,-0.189772352576,0.1454090029,0.49364849925,-0.891184508801,-0.376270413399,-0.795783936977,-0.578377246857,-0.0157024469227,-0.065895177424
0.264413505793,-0.0560057125986,0.782544255257,0.999931573868,0.00434506125748,2.25056919589e-05,0.0108624696732,-0.2031378299,0.0119647774845,0.0776939094067,0.39541041851,-0.199635773897,-0.0102293649688,-0.196906119585,-0.0613920018077,-0.101228117943,0.414328664541,-0.231594845653,0.021077323705,0.0553982667625,-0.0680104643106,0.320122212172,0.626709997654,0.622263371944,-0.178435742855,0.235124334693,-0.0641641914845,-0.190369576216,0.145508974791,0.473930895329,-0.886126816273,-0.369034171104,-0.793760895729,-0.590910673141,-0.0101807508618,-0.0563460290432
0.275147080421,-0.0572189390659,0.782941877842,0.999933063984,0.00429168576375,0.000460024748463,0.0107292998582,-0.201304778457,0.0124025335535,0.0778646171093,0.390156000853,-0.197710126638,-0.00838027056307,-0.194898992777,-0.0600965693593,-0.101326271892,0.407937049866,-0.227941706777,0.0211221650243,0.059288982302,-0.0690651684999,0.321175187826,0.622516810894,0.622613072395,-0.177580878139,0.232866019011,-0.0532854199409,-0.188920408487,0.145136132836,0.454588770866,-0.880830407143,-0.362057626247,-0.790259540081,-0.607550442219,-0.00290008238517,-0.0435797348619
0.288981109858,-0.0577532537282,0.783472061157,0.99993121624,0.00404104636982,0.00105184840504,0.0109592471272,-0.199832141399,0.0125457979739,0.0768882334232,0.38405200839,-0.195020660758,-0.0066561633721,-0.192303076386,-0.0589609853923,-0.103647708893,0.399828523397,-0.223144128919,0.0214261058718,0.0627265870571,-0.0698250979185,0.321974158287,0.618419528008,0.623580038548,-0.176067993045,0.228786677122,-0.0443311408162,-0.186359465122,0.143528312445,0.432921826839,-0.873549818993,-0.35370773077,-0.784482002258,-0.624398291111,0.0116137592122,-0.0290960352868
0.289982646704,-0.0445377156138,0.784233272076,0.999910116196,0.00333282118663,0.00141983665526,0.0129079911858,-0.199628934264,0.0142444325611,0.06910122931,0.381396889687,-0.189507707953,-0.00469982298091,-0.186806812882,-0.0565985366702,-0.103478565812,0.387202441692,-0.21886703372,0.0183977819979,0.0658794268966,-0.0693347603083,0.320909440517,0.610040783882,0.620607018471,-0.181469097733,0.233784586191,-0.0507070012391,-0.188368245959,0.151338502765,0.403552263975,-0.854954481125,-0.345614343882,-0.770505130291,-0.631165146828,0.0204778444022,-0.0299201849848
0.283116549253,-0.0559778884053,0.783961951733,0.999908387661,0.00369784515351,0.00143763644155,0.0129405921325,-0.202094629407,0.0118804192171,0.0732726678252,0.383820831776,-0.195320099592,-0.00619009044021,-0.188012287021,-0.0601514093578,-0.111088104546,0.393587052822,-0.224186956882,0.0243904162198,0.0665049105883,-0.0714701041579,0.327324926853,0.615226566792,0.625812411308,-0.174028888345,0.220481872559,-0.0440319739282,-0.18838262558,0.139194563031,0.37405860424,-0.850287973881,-0.331757098436,-0.773868083954,-0.633063554764,0.0349078066647,-0.00572269549593
0.270373016596,-0.0562129057944,0.78377109766,0.999896466732,0.00356545229442,0.0011006121058,0.0138978287578,-0.204053908587,0.0127431647852,0.0746239870787,0.388983428478,-0.198274895549,-0.00736973714083,-0.186916291714,-0.061941511929,-0.11696061492,0.395493686199,-0.228690519929,0.0233762934804,0.0697838813066,-0.0730291455984,0.334032654762,0.612689733505,0.62721580267,-0.174847275019,0.214653089643,-0.0474590174854,-0.192474082112,0.13586743176,0.335156619549,-0.8313357234,-0.317217379808,-0.76946169138,-0.640612244606,0.041517291218,0.00733654666692
0.264132648706,-0.0576224066317,0.78370732069,0.99989759922,0.0034974203445,0.000577387516387,0.0138645367697,-0.203890964389,0.0141153438017,0.0767487883568,0.391072362661,-0.199635580182,-0.00844620168209,-0.186230331659,-0.0625287890434,-0.118781372905,0.397590756416,-0.23077082634,0.0224596560001,0.0734778046608,-0.0745306611061,0.339380264282,0.612412810326,0.629321336746,-0.175684377551,0.209821596742,-0.0419176369905,-0.193573907018,0.135035857558,0.30075904727,-0.81487339735,-0.307653516531,-0.766528248787,-0.650860965252,0.0463191494346,0.0199380684644
0.264152109623,-0.0589524209499,0.783726394176,0.999907493591,0.00349220470525,0.000158310329425,0.013144787401,-0.202688872814,0.0155538301915,0.0788023620844,0.391832768917,-0.199287757277,-0.00854369997978,-0.18536233902,-0.0624427683651,-0.11863194406,0.397816896439,-0.228914365172,0.0215814504772,0.0783006772399,-0.076229840517,0.34382584691,0.611117660999,0.631181001663,-0.177301749587,0.205344483256,-0.0307420436293,-0.192200377584,0.13613152504,0.265755563974,-0.795937716961,-0.300439357758,-0.760828077793,-0.668317675591,0.0525686219335,0.0339175090194
0.269522577524,-0.0597304329276,0.783672809601,0.999919116497,0.00343706761487,-5.92247633904e-05,0.0122417276725,-0.20112644136,0.0167052280158,0.0801576524973,0.391200721264,-0.19739562273,-0.00870718993247,-0.183866545558,-0.0620188638568,-0.118917502463,0.3956156075,-0.224757492542,0.0214245263487,0.0835485979915,-0.0778691470623,0.347536623478,0.607742726803,0.632144451141,-0.178571015596,0.202527672052,-0.0153744025156,-0.189243480563,0.136197552085,0.229399263859,-0.773267507553,-0.295415282249,-0.751948654652,-0.691470563412,0.0651698186994,0.0517699606717
0.292003750801,-0.0461298935115,0.783885300159,0.999926924706,0.00299152522348,6.96193455951e-05,0.0117101753131,-0.198193848133,0.0181021094322,0.0744749978185,0.389279127121,-0.191855877638,-0.00625443505123,-0.181603431702,-0.059713114053,-0.116963252425,0.388129025698,-0.218445360661,0.0198047123849,0.0894353911281,-0.0782415568829,0.347449809313,0.598667621613,0.626629710197,-0.183220848441,0.209013596177,-0.0167187843472,-0.187469556928,0.143005281687,0.195167183876,-0.744589865208,-0.293475151062,-0.738478899002,-0.709697723389,0.0799472257495,0.0578919760883
0.299659669399,-0.0608596652746,0.783730506897,0.999926269054,0.00313116749749,-0.000193585539819,0.0117331603542,-0.199628189206,0.0185494609177,0.0795693099499,0.390971809626,-0.194406211376,-0.0102425040677,-0.181672081351,-0.0621053427458,-0.1241953969,0.391781628132,-0.219662189484,0.0225026402622,0.091270968318,-0.0802249535918,0.353404074907,0.602084577084,0.632994413376,-0.176982805133,0.199054405093,0.00686083687469,-0.186010241508,0.135004997253,0.159157007933,-0.727406919003,-0.292868584394,-0.733170032501,-0.722864449024,0.0928133428097,0.0784627869725
0.313101619482,-0.062342569232,0.783899962902,0.999923527241,0.00307098519988,-0.000368397333659,0.0119751458988,-0.199657902122,0.019661532715,0.0820472016931,0.391273975372,-0.194869354367,-0.0108751133084,-0.181625366211,-0.0621904097497,-0.125422328711,0.392808526754,-0.221036285162,0.0228367447853,0.0946967154741,-0.0813689157367,0.357001125813,0.599785149097,0.633487999439,-0.17619921267,0.197577834129,0.0149500286207,-0.185703769326,0.133075118065,0.128637135029,-0.707364022732,-0.292513668537,-0.725386857986,-0.730658769608,0.10313949734,0.0848998650908
0.309822648764,-0.0632414743304,0.78395408392,0.999926388264,0.0030895981472,-0.000242186739342,0.011730809696,-0.200145959854,0.0208789426833,0.0852626487613,0.392279833555,-0.195503056049,-0.0109650883824,-0.182661041617,-0.0624864622951,-0.12586247921,0.39362770319,-0.221741035581,0.021909898147,0.0980057045817,-0.0827790945768,0.360799670219,0.59811514616,0.631618440151,-0.172812908888,0.194482386112,0.0222928691655,-0.185469433665,0.131332978606,0.105379991233,-0.690189361572,-0.291386514902,-0.716615319252,-0.735433280468,0.105455622077,0.0869468674064
0.300681650639,-0.0632062479854,0.784204125404,0.999938547611,0.00312496931292,9.56333315116e-05,0.0106362719089,-0.19998459518,0.0220898650587,0.0882763192058,0.390760183334,-0.193956330419,-0.0104373898357,-0.183533385396,-0.0622500702739,-0.125251397491,0.392460256815,-0.218819662929,0.0207827147096,0.101790949702,-0.0840904042125,0.363724291325,0.597421705723,0.629255652428,-0.168299302459,0.189238041639,0.029949311167,-0.184886932373,0.131210267544,0.0857213437557,-0.67810189724,-0.289225399494,-0.707515835762,-0.739420831203,0.107821039855,0.0919099226594
0.295468449593,-0.0616641417146,0.784598767757,0.999949336052,0.00309137930162,0.000453852931969,0.00957036577165,-0.199062287807,0.0230073183775,0.0906545892358,0.386584669352,-0.190300017595,-0.0103122917935,-0.183560952544,-0.0615790560842,-0.124390952289,0.389564961195,-0.213347941637,0.021002324298,0.105673998594,-0.0850729048252,0.366006016731,0.597702562809,0.627166390419,-0.164900109172,0.183868601918,0.0392658747733,-0.183214947581,0.132191449404,0.0667576342821,-0.669121623039,-0.28766053915,-0.697098612785,-0.746920764446,0.116156935692,0.101772300899
0.295389443636,-0.0445186048746,0.784965395927,0.999949038029,0.00264371256344,0.00102549337316,0.00969129800797,-0.19667840004,0.0234378185123,0.0837066993117,0.382568091154,-0.181968972087,-0.00652163196355,-0.18015897274,-0.0591932199895,-0.124993465841,0.380597680807,-0.206459268928,0.0195739455521,0.110922977328,-0.0844855159521,0.366264998913,0.591455519199,0.619014501572,-0.168639346957,0.18992818892,0.0328209958971,-0.178454235196,0.137747228146,0.0475414022803,-0.651826798916,-0.292024195194,-0.683447122574,-0.758834183216,0.131258875132,0.106789089739
0.304000526667,-0.0583379678428,0.785039484501,0.999946951866,0.00273101497442,0.00165282574017,0.00979210436344,-0.199934840202,0.0239237193018,0.0896509885788,0.382167577744,-0.185570672154,-0.0111250746995,-0.184027209878,-0.0618057139218,-0.129899740219,0.385183304548,-0.207542896271,0.0218762718141,0.109306052327,-0.0851334631443,0.368589371443,0.596117794514,0.624600589275,-0.162958517671,0.176606059074,0.045759677887,-0.179342642426,0.1312084198,0.0343264602125,-0.655346751213,-0.288020908833,-0.680885434151,-0.752186954021,0.1327560395,0.116867020726
0.314473748207,-0.0598272308707,0.785176575184,0.999939024448,0.00263638747856,0.00209918804467,0.0105155277997,-0.200409844518,0.0239392090589,0.0893257185817,0.380856752396,-0.185406714678,-0.0118471132591,-0.183657824993,-0.0622653253376,-0.132407218218,0.383570194244,-0.2088021487,0.0221030265093,0.110534928739,-0.0852330476046,0.370127081871,0.595414221287,0.625597596169,-0.161367297173,0.171094253659,0.0418131686747,-0.179376795888,0.12818031013,0.0248228348792,-0.651179075241,-0.29112097621,-0.676015555859,-0.747017145157,0.138497412205,0.119864940643
0.32236751914,-0.0617924854159,0.785133123398,0.999929249287,0.00266253086738,0.00233365036547,0.0113594587892,-0.200865805149,0.0236925613135,0.0895477235317,0.380397200584,-0.186339050531,-0.0120815662667,-0.183320254087,-0.0630645528436,-0.133864939213,0.383487612009,-0.211608424783,0.0219461992383,0.111826330423,-0.0855533480644,0.371631652117,0.595483183861,0.627179741859,-0.158183440566,0.16611070931,0.0384077727795,-0.179850786924,0.126413017511,0.0199928283691,-0.648999035358,-0.293450146914,-0.672897279263,-0.742012798786,0.139832749963,0.119569353759
0.316665410995,-0.0620862655342,0.785096824169,0.999923169613,0.00287344446406,0.00233761267737,0.0118265803903,-0.200688481331,0.0229780022055,0.0902948006988,0.379692167044,-0.187348410487,-0.012110277079,-0.183495178819,-0.064195998013,-0.133526414633,0.38651201129,-0.214771941304,0.0221649967134,0.113502159715,-0.0860808417201,0.373172849417,0.597352266312,0.62872505188,-0.155181989074,0.162251621485,0.0372546575963,-0.179785341024,0.125845521688,0.0171851534396,-0.649312078953,-0.29448479414,-0.67010974884,-0.74158680439,0.142880871892,0.122030667961
0.301584780216,-0.0612177737057,0.785099625587,0.999923706055,0.00324910203926,0.00215034605935,0.0117225060239,-0.199756771326,0.0223439317197,0.0927244722843,0.379822731018,-0.188168272376,-0.0122529203072,-0.184450387955,-0.0663202032447,-0.133081912994,0.392414808273,-0.217960298061,0.0234085321426,0.115069106221,-0.0870609879494,0.375194072723,0.601076364517,0.629456043243,-0.151734694839,0.157555013895,0.0402645543218,-0.179400756955,0.125489547849,0.0168164148927,-0.651829481125,-0.295820325613,-0.667970955372,-0.745280265808,0.149018734694,0.126427322626
0.293662577868,-0.0440809167922,0.784626245499,0.999901711941,0.00314358179457,0.00240664975718,0.0134493494406,-0.201009362936,0.020822590217,0.0834193229675,0.385819524527,-0.185708492994,-0.00696671474725,-0.18493668735,-0.0669183880091,-0.137659519911,0.392954319715,-0.217895835638,0.0189778041095,0.116775617003,-0.0861691311002,0.375664114952,0.600071132183,0.620479524136,-0.157952561975,0.166294544935,0.0317224822938,-0.175194069743,0.135826379061,0.0147973224521,-0.644081950188,-0.296883225441,-0.661721408367,-0.761545062065,0.155745357275,0.124020636082
0.289590239525,-0.0596579872072,0.784833669662,0.999913930893,0.00395549135283,0.00227052043192,0.0123034222052,-0.201180979609,0.0199212823063,0.0906109511852,0.384486913681,-0.191009670496,-0.0115587012842,-0.190437734127,-0.0714224353433,-0.137661680579,0.404685080051,-0.222043514252,0.0245133880526,0.117007009685,-0.0880453884602,0.378179430962,0.611252725124,0.629352271557,-0.145546644926,0.149848461151,0.0401968285441,-0.180497348309,0.124150425196,0.0160229690373,-0.660886287689,-0.298180192709,-0.664706766605,-0.7424903512,0.155510514975,0.130770877004
0.293540298939,-0.0607004202902,0.784525990486,0.999907612801,0.00420573167503,0.00224226410501,0.0127308098599,-0.202054858208,0.0191185269505,0.0896580740809,0.385586678982,-0.191189453006,-0.0118150645867,-0.192585200071,-0.0727936327457,-0.139983639121,0.408834248781,-0.223883062601,0.0240079201758,0.11848154664,-0.0883028358221,0.380521893501,0.615953087807,0.630018234253,-0.144533708692,0.148615449667,0.0374557822943,-0.180556580424,0.12231413275,0.0181723535061,-0.667447090149,-0.299122750759,-0.663968920708,-0.739352107048,0.15641514957,0.130633279681
0.303771317005,-0.0631566271186,0.784218549728,0.999907553196,0.00442587770522,0.00220656464808,0.0126638961956,-0.201294451952,0.0192967616022,0.0908059179783,0.384567320347,-0.190901383758,-0.0123700322583,-0.193638592958,-0.0731638669968,-0.140174180269,0.410866081715,-0.224244847894,0.0236838050187,0.119907155633,-0.0888106748462,0.383027583361,0.619832754135,0.631178200245,-0.142375230789,0.148168340325,0.0377395786345,-0.179990291595,0.120287545025,0.0214557480067,-0.673626422882,-0.299562633038,-0.663328766823,-0.741114675999,0.155634135008,0.130130574107
0.322266876698,-0.0660928338766,0.78414440155,0.999915957451,0.00468200305477,0.00226996536367,0.0118712345138,-0.198976561427,0.0197361502796,0.0927699655294,0.380928218365,-0.189299121499,-0.0123503170907,-0.194178760052,-0.0727166086435,-0.138994976878,0.410306751728,-0.222242057323,0.0235546659678,0.121767036617,-0.0895380228758,0.384557932615,0.623281955719,0.632700026035,-0.139011204243,0.147453948855,0.0403897278011,-0.179641783237,0.118420958519,0.0236000157893,-0.679874718189,-0.298892736435,-0.660279870033,-0.746275782585,0.157025590539,0.132419794798
0.339076071978,-0.0681296139956,0.784435212612,0.999922573566,0.00474459538236,0.00234667863697,0.011263913475,-0.19644716382,0.0201510004699,0.0940069928765,0.376135706902,-0.187216326594,-0.0120512023568,-0.193470329046,-0.0718313604593,-0.138811722398,0.406797409058,-0.218568667769,0.0240289866924,0.123306252062,-0.0898918062449,0.385831058025,0.626699209213,0.635871946812,-0.134132370353,0.145292654634,0.0429828055203,-0.179804831743,0.116416148841,0.0251661147922,-0.68598139286,-0.298156648874,-0.655194878578,-0.751335144043,0.161110594869,0.135336622596
0.322413444519,-0.0482602231205,0.785147249699,0.999916672707,0.00440562609583,0.00218406226486,0.0119332913309,-0.193580746651,0.02127183415,0.0863172858953,0.372731268406,-0.180595487356,-0.00841227453202,-0.189086690545,-0.0700150057673,-0.140175953507,0.396739453077,-0.211953908205,0.0213190261275,0.125597685575,-0.0878087505698,0.386231392622,0.622531712055,0.635323405266,-0.134306058288,0.151839822531,0.0305447261781,-0.181457683444,0.125005677342,0.0171564016491,-0.684280514717,-0.301205575466,-0.645012021065,-0.752575099468,0.162770062685,0.118460342288
0.330917537212,-0.066296570003,0.785337746143,0.99992197752,0.00444340566173,0.0023399614729,0.0114372968674,-0.19398202002,0.0208833944052,0.0919236987829,0.370476603508,-0.18493437767,-0.0126894954592,-0.189744368196,-0.072133757174,-0.145103409886,0.398208230734,-0.214877173305,0.0259570386261,0.124706417322,-0.0884760096669,0.389046937227,0.633258879185,0.641539573669,-0.124890908599,0.141067221761,0.0379539243877,-0.183691591024,0.112455181777,0.0221227370203,-0.692174077034,-0.299784958363,-0.647520124912,-0.748165488243,0.163142472506,0.127862736583
0.323540240526,-0.0667344853282,0.785771906376,0.999924182892,0.00416701007634,0.00217617675662,0.0113776512444,-0.192764729261,0.0220830664039,0.0925184264779,0.368494689465,-0.183870971203,-0.0124372458085,-0.187006160617,-0.071976698935,-0.14830185473,0.393299520016,-0.213582515717,0.0264324117452,0.125589311123,-0.0870350599289,0.391054004431,0.636856079102,0.644060850143,-0.121749848127,0.137643381953,0.0350408181548,-0.185289368033,0.110429771245,0.0210864320397,-0.69309347868,-0.300665467978,-0.645236253738,-0.748631834984,0.161541491747,0.122532136738
0.323165595531,-0.068285278976,0.786167144775,0.999929785728,0.00385890505277,0.00198929617181,0.0110242664814,-0.190906360745,0.0236882716417,0.0942020565271,0.365999907255,-0.182965904474,-0.0123031493276,-0.183893501759,-0.0708143636584,-0.149552106857,0.387659400702,-0.211460798979,0.0259560756385,0.126579836011,-0.0852792039514,0.391611605883,0.639869987965,0.64608836174,-0.120339378715,0.133923575282,0.0359483137727,-0.185256659985,0.109828300774,0.0195411611348,-0.692873835564,-0.300774216652,-0.643121361732,-0.755128145218,0.158472180367,0.119995199144
0.330497741699,-0.0690060555935,0.786683619022,0.99993789196,0.00345413177274,0.00190347246826,0.0104234991595,-0.188482642174,0.0255615413189,0.0957233980298,0.362744241953,-0.182149171829,-0.0121101662517,-0.180295854807,-0.0690625607967,-0.149619936943,0.380557745695,-0.207727178931,0.0246368404478,0.127818271518,-0.0832270309329,0.390780687332,0.641734659672,0.64831674099,-0.119811952114,0.129190012813,0.0393084660172,-0.18496362865,0.108880795538,0.0183537211269,-0.690411448479,-0.301351428032,-0.642073988914,-0.767459452152,0.158692330122,0.121723622084
0.341802984476,-0.0684075504541,0.787370085716,0.999945521355,0.00289130792953,0.00172224268317,0.00987716019154,-0.185334652662,0.0275090541691,0.0969139784575,0.357972085476,-0.179790511727,-0.0121712377295,-0.175300627947,-0.0670227184892,-0.150332197547,0.371431618929,-0.201885551214,0.0230262465775,0.129030153155,-0.0806436315179,0.388644248247,0.642514050007,0.651149392128,-0.119640782475,0.123685330153,0.0425274893641,-0.185584455729,0.106805279851,0.017886498943,-0.684251129627,-0.303383827209,-0.64074754715,-0.783113718033,0.165277734399,0.124667599797
0.33873847127,-0.0492858029902,0.787881493568,0.999938249588,0.00211670529097,0.000819183012936,0.0108743077144,-0.18330642581,0.02939180471,0.0906741023064,0.356840401888,-0.175387442112,-0.00981874763966,-0.169086068869,-0.0640041679144,-0.151562929153,0.361425489187,-0.19655738771,0.019921047613,0.130276471376,-0.0759359076619,0.386647611856,0.634598433971,0.649304270744,-0.125212371349,0.130403667688,0.0255645513535,-0.186273336411,0.112546592951,0.0090807210654,-0.667764365673,-0.309351295233,-0.636386394501,-0.793013215065,0.167220696807,0.107114441693
0.360412657261,-0.0671918839216,0.788166224957,0.999930083752,0.00268722628243,4.20858559664e-05,0.0115166967735,-0.184027299285,0.0278729759157,0.0979027673602,0.361069589853,-0.182526111603,-0.0126511892304,-0.168093591928,-0.0693141072989,-0.156970724463,0.368967235088,-0.204302191734,0.0269868392497,0.128317639232,-0.0750685855746,0.386412829161,0.638322532177,0.656854152679,-0.121914282441,0.120678760111,0.0211702808738,-0.193298339844,0.10292828083,0.0129066873342,-0.659782588482,-0.30954003334,-0.635559678078,-0.778784871101,0.164297163486,0.112031526864
0.357781141996,-0.0674431622028,0.787956058979,0.999921739101,0.00290470616892,-0.00131191941909,0.0120975505561,-0.18374568224,0.0282413549721,0.103594996035,0.367990404367,-0.186983928084,-0.0121553838253,-0.165838599205,-0.0728513002396,-0.161708414555,0.374098390341,-0.210913151503,0.0301945991814,0.128683328629,-0.0723825097084,0.388319849968,0.634469628334,0.657126545906,-0.126191243529,0.122041560709,0.00771440193057,-0.196463569999,0.102350197732,0.0128368651494,-0.642462849617,-0.308038800955,-0.630262672901,-0.778150618076,0.157436922193,0.0993717312813
0.342881172895,-0.0684297680855,0.787285983562,0.999921619892,0.0031194628682,-0.0025513600558,0.0118524031714,-0.18333338201,0.0293613411486,0.10849326849,0.376688569784,-0.191487431526,-0.010400230065,-0.165349155664,-0.0755043849349,-0.16452743113,0.379781872034,-0.214967876673,0.03042723611,0.128677636385,-0.0704899951816,0.392311364412,0.634478449821,0.653676271439,-0.128379508853,0.12425608933,0.00919858366251,-0.195852845907,0.102168872952,0.0106021063402,-0.626288175583,-0.302470892668,-0.626291394234,-0.795507013798,0.145199745893,0.0913154557347
0.331887990236,-0.069794267416,0.786624014378,0.999923467636,0.00332727376372,-0.0037112114951,0.0113222012296,-0.182366192341,0.0302497148514,0.111963815987,0.384032428265,-0.194920837879,-0.00878798030317,-0.166386768222,-0.0769539326429,-0.163971826434,0.386938422918,-0.217420697212,0.0295571219176,0.127995193005,-0.0689072534442,0.397447735071,0.634661972523,0.65046107769,-0.131789281964,0.125027805567,0.0201338697225,-0.194063305855,0.104532085359,0.00981889758259,-0.614065885544,-0.296580284834,-0.626287102699,-0.822104096413,0.136975198984,0.0895975753665
0.332744389772,-0.0714049562812,0.786179244518,0.999925971031,0.00353305251338,-0.00438074721023,0.0107861673459,-0.182369336486,0.0307690408081,0.114300698042,0.388385504484,-0.195770546794,-0.00840948987752,-0.168569281697,-0.0778067037463,-0.162321060896,0.392399966717,-0.216746240854,0.0286467559636,0.126484155655,-0.0680006146431,0.400961220264,0.632045924664,0.648535311222,-0.133575364947,0.12612195313,0.0332945846021,-0.193061292171,0.107603937387,0.00837458949536,-0.602015554905,-0.292780488729,-0.625669240952,-0.848839938641,0.135267883539,0.0875543877482
0.332695573568,-0.052850369364,0.786028385162,0.999934911728,0.00357031775638,-0.00426022522151,0.00996464584023,-0.184069097042,0.0309168025851,0.107251726091,0.390182137489,-0.190019786358,-0.00696532661095,-0.172311037779,-0.077321998775,-0.161072194576,0.394333481789,-0.21402938664,0.0266011543572,0.12841707468,-0.0665919333696,0.400826781988,0.625190258026,0.643606007099,-0.140431597829,0.135505780578,0.0258838683367,-0.190746679902,0.113133482635,0.0038255432155,-0.58335262537,-0.297424077988,-0.623642206192,-0.862860739231,0.133949756622,0.0706531554461
0.358766078949,-0.0738690271974,0.785397827625,0.999919891357,0.00418574828655,-0.00461506890133,0.0110193528235,-0.186384081841,0.0295542050153,0.112396240234,0.394093304873,-0.195892810822,-0.00976485479623,-0.174253359437,-0.0804926007986,-0.164291247725,0.401318848133,-0.216997712851,0.0284154713154,0.122649095953,-0.0676076710224,0.404220789671,0.626982808113,0.645769119263,-0.136707276106,0.130962401628,0.0383989550173,-0.193549871445,0.109362930059,0.00452364655212,-0.579124033451,-0.293798923492,-0.627113699913,-0.87209045887,0.136287629604,0.0814756900072
0.380713552237,-0.0755832567811,0.78526288271,0.999915778637,0.00453132763505,-0.00473053008318,0.011208049953,-0.187785774469,0.0294862873852,0.114915952086,0.394675284624,-0.196209669113,-0.0100283483043,-0.175956830382,-0.0809168294072,-0.16349054873,0.404974520206,-0.218791142106,0.0290887784213,0.121362097561,-0.0678458288312,0.406059622765,0.626285433769,0.64660012722,-0.137550652027,0.132863029838,0.0354440361261,-0.193974494934,0.109004795551,0.00533987535164,-0.568596601486,-0.290289759636,-0.627018451691,-0.877628207207,0.138507932425,0.0745773911476
0.388986349106,-0.0771343931556,0.78498840332,0.99991941452,0.00481152301654,-0.00475119194016,0.010745504871,-0.188752323389,0.029909349978,0.118603952229,0.396364331245,-0.197135999799,-0.00950262416154,-0.177590191364,-0.0808018371463,-0.161536157131,0.407520532608,-0.220840960741,0.0302729718387,0.121738381684,-0.0681876465678,0.408908158541,0.627639889717,0.646098554134,-0.136558189988,0.132909908891,0.0339297950268,-0.193844661117,0.108050450683,0.00885652098805,-0.557232141495,-0.286652505398,-0.628195285797,-0.883783519268,0.135613054037,0.0645545721054
0.380543082952,-0.0774802714586,0.784718036652,0.999924719334,0.0050276000984,-0.00437480956316,0.0102987838909,-0.189611956477,0.0305824577808,0.12119846046,0.397913336754,-0.197166383266,-0.00814104173332,-0.17934769392,-0.0809156224132,-0.160394132137,0.407898575068,-0.220308348536,0.0313103348017,0.122117951512,-0.0688871592283,0.411757588387,0.628849625587,0.64442718029,-0.133983656764,0.131361559033,0.0327454693615,-0.194231852889,0.107670292258,0.0131853455678,-0.545139372349,-0.281582117081,-0.626972913742,-0.894765496254,0.133137136698,0.0569801554084
0.370897710323,-0.0760950446129,0.784560382366,0.999934852123,0.00519537040964,-0.00397685915232,0.00935006141663,-0.189789324999,0.0309855863452,0.123060770333,0.396500974894,-0.196019485593,-0.00756164034829,-0.180853202939,-0.0804834067822,-0.158423498273,0.407950520515,-0.218168288469,0.0314238034189,0.123110115528,-0.0697052329779,0.414162218571,0.629187107086,0.643594145775,-0.132455393672,0.131028622389,0.0335769429803,-0.194070398808,0.10771394521,0.016698455438,-0.533524990082,-0.27498459816,-0.623256087303,-0.906810104847,0.135591864586,0.0562104210258
0.358218431473,-0.0540035665035,0.784162282944,0.999949097633,0.00471742730588,-0.00349116534926,0.0082121482119,-0.19069865346,0.0324175022542,0.114912316203,0.397715836763,-0.191129475832,-0.00415641907603,-0.180887386203,-0.0776123255491,-0.159102112055,0.403406172991,-0.213260665536,0.0303240027279,0.126296684146,-0.068824313581,0.416247189045,0.624783635139,0.636199474335,-0.140455380082,0.139868974686,0.0193196162581,-0.189542531967,0.113879583776,0.0136585654691,-0.515151143074,-0.268529504538,-0.616196632385,-0.924540102482,0.140108972788,0.0406038686633
0.373893648386,-0.0732990950346,0.784296989441,0.999940872192,0.00553223956376,-0.00301334005781,0.00886401813477,-0.191513106227,0.0303965695202,0.121819190681,0.39427754283,-0.193429961801,-0.00676799891517,-0.18463280797,-0.0820173323154,-0.161283031106,0.410204529762,-0.214791685343,0.0310060400516,0.123291425407,-0.0708216577768,0.419125258923,0.629141032696,0.642007827759,-0.130851298571,0.134211674333,0.0285332798958,-0.194158807397,0.10535505414,0.0169709082693,-0.515179038048,-0.263377219439,-0.61522102356,-0.916194975376,0.137596085668,0.0497328601778
0.38367369771,-0.0750658810139,0.784286916256,0.99993789196,0.00559726776555,-0.0025122941006,0.00930467434227,-0.192498549819,0.0307912752032,0.122947081923,0.39331522584,-0.191221132874,-0.00692110462114,-0.185433164239,-0.0826682522893,-0.163271829486,0.409846842289,-0.21476739645,0.0303729344159,0.123322710395,-0.0712207257748,0.421737492085,0.62791633606,0.642982840538,-0.13118955493,0.13565339148,0.0251082759351,-0.194660961628,0.10303940624,0.0160353835672,-0.509570121765,-0.258599966764,-0.611778497696,-0.91652905941,0.135034784675,0.0463030003011
0.391939759254,-0.0776204615831,0.784251332283,0.999931752682,0.00555641110986,-0.00204515992664,0.0100691635162,-0.192902594805,0.0314261540771,0.124449126422,0.392090678215,-0.189333364367,-0.00727189611644,-0.184977009892,-0.082757152617,-0.164728358388,0.408097207546,-0.214561864734,0.029526155442,0.123215205967,-0.0712644979358,0.424099832773,0.626061618328,0.643222212791,-0.131895646453,0.136320114136,0.0256432648748,-0.193611353636,0.103479579091,0.0155226727948,-0.505938351154,-0.253587961197,-0.609504699707,-0.92016929388,0.130234494805,0.0444462373853
0.383497059345,-0.0782640427351,0.784380078316,0.99992698431,0.00557751674205,-0.00146910117473,0.0106197120622,-0.192093327641,0.0311496332288,0.124796696007,0.388418823481,-0.186656922102,-0.00726455356926,-0.183830559254,-0.0823746621609,-0.165027469397,0.404712259769,-0.21277448535,0.0281894784421,0.122831366956,-0.0715363323689,0.42536097765,0.622694134712,0.641796290874,-0.133322641253,0.135849118233,0.0295880250633,-0.191561102867,0.106796897948,0.0139105543494,-0.504213511944,-0.248859554529,-0.605529487133,-0.928822577,0.129561930895,0.0452883914113
0.358810693026,-0.0772049874067,0.784644007683,0.99991863966,0.00554011575878,-0.000892112613656,0.0114539843053,-0.190531626344,0.0297839045525,0.123333603144,0.38250502944,-0.182856231928,-0.00736672757193,-0.181298032403,-0.0818438306451,-0.166125163436,0.399195641279,-0.209929540753,0.0265466030687,0.121681727469,-0.0716967359185,0.426240861416,0.616703271866,0.639746367931,-0.135621249676,0.136420160532,0.0338220894337,-0.1899151057,0.110094837844,0.0121711399406,-0.502385437489,-0.24732208252,-0.599317193031,-0.939702808857,0.135843351483,0.0463407337666
0.341809242964,-0.0563505925238,0.785087823868,0.999932289124,0.00524172140285,-0.000570068194065,0.0103716915473,-0.189092546701,0.030214574188,0.117690518498,0.380344718695,-0.177729442716,-0.00368250301108,-0.179768279195,-0.0788263380527,-0.164660826325,0.392796039581,-0.206424385309,0.0245570167899,0.124402180314,-0.0702594891191,0.426289141178,0.605605959892,0.635440587997,-0.142277598381,0.145392432809,0.02493731305,-0.188719376922,0.12021329999,0.00565419858322,-0.49723508954,-0.249073415995,-0.588211596012,-0.938467919827,0.137865126133,0.0213109273463
0.3353510499,-0.0755692720413,0.784994363785,0.999887287617,0.00541075225919,-0.00027923626476,0.0140022467822,-0.190283790231,0.0271748155355,0.117361061275,0.376816272736,-0.178603872657,-0.00778991682455,-0.177966848016,-0.082416780293,-0.171368420124,0.394271045923,-0.208184599876,0.0257062092423,0.119815096259,-0.0702089369297,0.430007696152,0.604234874249,0.638405323029,-0.139665082097,0.140578150749,0.0298278667033,-0.192355185747,0.114852115512,0.00863020587713,-0.498458623886,-0.249199092388,-0.589034795761,-0.950442433357,0.139804601669,0.0384491421282
0.336668133736,-0.0766068547964,0.785155117512,0.999872624874,0.00564818037674,-0.000309424474835,0.0149259064347,-0.190171003342,0.0257844459265,0.117490291595,0.374864816666,-0.177146315575,-0.00734967039898,-0.177440524101,-0.083251349628,-0.172931194305,0.394823610783,-0.210919424891,0.0262999292463,0.120534949005,-0.0697445869446,0.43357616663,0.597231507301,0.638846039772,-0.143205359578,0.143027424812,0.0252665802836,-0.195837467909,0.115700058639,0.00990911666304,-0.494631230831,-0.248198837042,-0.584098815918,-0.95559746027,0.142679616809,0.0301291998476
0.343852818012,-0.0782886520028,0.785012304783,0.999868273735,0.00579547695816,-9.42583501455e-05,0.0151608549058,-0.190791025758,0.0256349593401,0.119630254805,0.375127255917,-0.176846474409,-0.00707435095683,-0.178609311581,-0.0840357020497,-0.173166841269,0.396463513374,-0.212966695428,0.0268061961979,0.122672408819,-0.069397084415,0.437634378672,0.592370569706,0.637943089008,-0.143715053797,0.144466519356,0.0261501409113,-0.198570311069,0.11455244571,0.0104736266658,-0.490336894989,-0.245500668883,-0.579356014729,-0.961418271065,0.141482055187,0.0205983892083
0.356773018837,-0.0798051729798,0.784848511219,0.999874472618,0.00592066301033,0.000398704520194,0.0146889425814,-0.191006943583,0.0262214317918,0.122530065477,0.374921798706,-0.17626619339,-0.00658497074619,-0.180658906698,-0.0847914293408,-0.172777920961,0.397854834795,-0.213204294443,0.0267464388162,0.125224739313,-0.0691750645638,0.440800905228,0.589238166809,0.635906040668,-0.142476513982,0.145553529263,0.0270483493805,-0.200870737433,0.114022955298,0.00972829759121,-0.485510617495,-0.241561532021,-0.572520494461,-0.968616127968,0.139155462384,0.0118063706905
0.374214082956,-0.0812532380223,0.784639120102,0.999880373478,0.00605475110933,0.000867372320499,0.0142056783661,-0.191476896405,0.0262278541923,0.124979309738,0.374771535397,-0.175794273615,-0.00547291478142,-0.183156892657,-0.0854863971472,-0.172355249524,0.400358080864,-0.21295298636,0.0267848223448,0.127480149269,-0.0688889324665,0.443954885006,0.586804568768,0.634676337242,-0.141686096787,0.147563129663,0.0302778109908,-0.201661780477,0.115384623408,0.00693842768669,-0.480966925621,-0.235359996557,-0.562763273716,-0.97628223896,0.140243262053,0.00406408309937
0.376618534327,-0.0638273954391,0.785021364689,0.999914050102,0.00574421091005,0.00117238878738,0.0117265628651,-0.191039949656,0.028408691287,0.122525326908,0.372315138578,-0.168997243047,-0.00086265662685,-0.182715907693,-0.0829927697778,-0.169446229935,0.397042065859,-0.207048818469,0.026071825996,0.133976101875,-0.0678618773818,0.445122212172,0.5810957551,0.628059446812,-0.145628273487,0.157386884093,0.0225821919739,-0.197077766061,0.124031335115,-0.000555601669475,-0.468470484018,-0.232153773308,-0.547301948071,-0.97732937336,0.142307162285,-0.0219728425145
0.388957291842,-0.0815356597304,0.784161567688,0.999879896641,0.00594144314528,0.00153395405505,0.0142332818359,-0.194476589561,0.0263688731939,0.124101281166,0.376895695925,-0.175814732909,-0.00493170227855,-0.186960056424,-0.0870532095432,-0.177581742406,0.404521405697,-0.211685404181,0.0274554900825,0.129393041134,-0.066886626184,0.451560348272,0.584399819374,0.629756033421,-0.13982874155,0.153024703264,0.0322045348585,-0.202051505446,0.115226425231,-0.000905965978745,-0.47114405036,-0.223302766681,-0.544482588768,-0.987440228462,0.142469137907,-0.0177346821874
0.380336612463,-0.0801825746894,0.784107029438,0.999884665012,0.00574104581028,0.00191525777336,0.0139267845079,-0.196219816804,0.027393642813,0.125209242105,0.378246098757,-0.175872862339,-0.00559827266261,-0.188222527504,-0.0865615531802,-0.178490683436,0.404412060976,-0.211694657803,0.0277793817222,0.130420252681,-0.0658828094602,0.454466313124,0.583161234856,0.627079546452,-0.137808516622,0.153950035572,0.0309566613287,-0.203225925565,0.114422991872,-0.00299218297005,-0.464815378189,-0.216627895832,-0.5356336236,-0.993361771107,0.142487540841,-0.0304947122931
0.373867571354,-0.0792903006077,0.784020781517,0.999889135361,0.00558805186301,0.00219493941404,0.0136274117976,-0.197407111526,0.0285629034042,0.127393350005,0.37982237339,-0.176528826356,-0.00611634366214,-0.189151629806,-0.0860287696123,-0.178934305906,0.404032111168,-0.211757600307,0.0277355834842,0.131738528609,-0.0650961697102,0.457138806581,0.582302153111,0.624097585678,-0.135838657618,0.15485906601,0.0293753165752,-0.204354017973,0.11390338093,-0.00394957466051,-0.456756532192,-0.209627777338,-0.525651872158,-1.00096321106,0.140932261944,-0.0433684401214
0.373630553484,-0.0789069011807,0.784025907516,0.999897003174,0.00550252990797,0.00227717566304,0.013058591634,-0.196963727474,0.029630318284,0.130198001862,0.379999369383,-0.177624002099,-0.00597584107891,-0.189653128386,-0.0852773040533,-0.178803682327,0.404214769602,-0.212062567472,0.0274712927639,0.133254051208,-0.0643873438239,0.45942658186,0.581770002842,0.620646119118,-0.135718688369,0.156723722816,0.0287117697299,-0.205555334687,0.114128604531,-0.00358094018884,-0.447339236736,-0.201867043972,-0.514576613903,-1.01242661476,0.144272625446,-0.0551410354674
0.378926932812,-0.0787211582065,0.784047603607,0.999909877777,0.00544176110998,0.00247095548548,0.0120228687301,-0.196727201343,0.0310434382409,0.133855730295,0.382123738527,-0.17904099822,-0.00507998280227,-0.190163835883,-0.0853769928217,-0.179221734405,0.404469430447,-0.211643144488,0.0276184268296,0.135758772492,-0.0637697279453,0.462667912245,0.581076204777,0.616879940033,-0.132700517774,0.157496884465,0.0286778956652,-0.207704290748,0.113775290549,-0.00177367252763,-0.436302125454,-0.193547770381,-0.501654744148,-1.0246835947,0.146124199033,-0.0694659426808
0.366069793701,-0.0572528652847,0.784362971783,0.99992787838,0.00498712807894,0.0026190711651,0.0106065943837,-0.195798873901,0.034289482981,0.131708115339,0.382717847824,-0.175398945808,-0.0027320375666,-0.189295753837,-0.0826321914792,-0.177126258612,0.399146974087,-0.20722219348,0.0267867967486,0.14287750423,-0.0621091425419,0.465536773205,0.574369192123,0.607739448547,-0.133931651711,0.166720554233,0.0160650536418,-0.210359424353,0.122648335993,-0.00462321331725,-0.416821837425,-0.186955675483,-0.475328445435,-1.02564096451,0.145354807377,-0.107559420168
0.382984161377,-0.078971453011,0.783947408199,0.999931573868,0.00557481823489,0.00247492198832,0.00998058822006,-0.195914641023,0.0333998128772,0.138224184513,0.385484158993,-0.181220591068,-0.00364876328968,-0.192073449492,-0.0867954045534,-0.181189462543,0.408275544643,-0.211819916964,0.0296333506703,0.140352010727,-0.0626587495208,0.469741016626,0.582893371582,0.609493732452,-0.125415116549,0.157443344593,0.0274347998202,-0.212301522493,0.114621117711,0.000839665532112,-0.416442632675,-0.177401527762,-0.478961646557,-1.03125011921,0.145099103451,-0.106708049774
0.360000729561,-0.0788144618273,0.783989310265,0.999936878681,0.00581439118832,0.00214035669342,0.00936979241669,-0.194719314575,0.0343532525003,0.141667857766,0.386490404606,-0.182857245207,-0.00376237579621,-0.192459821701,-0.0876650810242,-0.181644707918,0.411076456308,-0.213610038161,0.0301815960556,0.142440959811,-0.062538176775,0.474210053682,0.584734261036,0.606289982796,-0.122327320278,0.155731707811,0.0257909726351,-0.214478954673,0.114673182368,0.00249576056376,-0.409726083279,-0.170965924859,-0.470992028713,-1.02797520161,0.142650514841,-0.12584041059
0.335980713367,-0.0789527371526,0.784077942371,0.999938845634,0.00616012280807,0.00181930675171,0.00899950414896,-0.193146020174,0.0350749790668,0.145422384143,0.386807650328,-0.183723136783,-0.00440292432904,-0.192666560411,-0.0887719765306,-0.181649491191,0.414044678211,-0.215585425496,0.0300803314894,0.144020140171,-0.0627008900046,0.478784412146,0.587879836559,0.603152275085,-0.118471026421,0.151812627912,0.0245208796114,-0.216166391969,0.115387260914,0.00494916876778,-0.405614852905,-0.166646435857,-0.464697897434,-1.02327442169,0.138543426991,-0.144153505564
0.319295078516,-0.0789315551519,0.784326255322,0.999941468239,0.00654400512576,0.00167612580117,0.00845743715763,-0.190871059895,0.0354007780552,0.148408338428,0.385113567114,-0.183116212487,-0.00486262422055,-0.192789956927,-0.0899415314198,-0.181565999985,0.416013300419,-0.216138735414,0.0293969959021,0.144749909639,-0.0631467476487,0.482698708773,0.591454803944,0.600162982941,-0.115032844245,0.146856978536,0.0250816326588,-0.217460796237,0.116664066911,0.00788634829223,-0.404426813126,-0.164328336716,-0.458173215389,-1.02199161053,0.135391041636,-0.158862709999
0.309993386269,-0.0783092081547,0.784657180309,0.999939680099,0.00688942382112,0.00176155287772,0.0083714928478,-0.189129933715,0.0351273678243,0.150305390358,0.381632745266,-0.180922776461,-0.00529038440436,-0.192638799548,-0.0911346971989,-0.182237699628,0.416247814894,-0.214942425489,0.0286092571914,0.144569471478,-0.0637518391013,0.48565903306,0.59421235323,0.597982048988,-0.112151563168,0.142327830195,0.0285283047706,-0.21794988215,0.117497801781,0.0100274747238,-0.405247181654,-0.164321959019,-0.450977534056,-1.02278971672,0.135298669338,-0.169668629766
0.315344810486,-0.0585237815976,0.784610807896,0.999946296215,0.00695842364803,0.00181855109986,0.00745861325413,-0.187543869019,0.0369192734361,0.149155512452,0.379643082619,-0.175927937031,-0.0022492359858,-0.191266834736,-0.0902789980173,-0.179811090231,0.412940651178,-0.211872532964,0.0262198485434,0.148820847273,-0.0634020343423,0.487790375948,0.589071989059,0.593376040459,-0.114105202258,0.144299924374,0.0180185139179,-0.218640044332,0.125014379621,0.00931813009083,-0.399144738913,-0.166611880064,-0.437866568565,-1.01926124096,0.135368525982,-0.191111579537
0.33115580678,-0.0776752531528,0.784929931164,0.999928593636,0.00711776968092,0.00208078697324,0.00936955027282,-0.189364746213,0.0350387431681,0.150054901838,0.378833144903,-0.178524374962,-0.00535414833575,-0.192650780082,-0.093802317977,-0.187292248011,0.415707409382,-0.212806507945,0.0284678786993,0.142661973834,-0.0636975988746,0.489727526903,0.597634315491,0.597754001617,-0.108299992979,0.13596278429,0.0300562679768,-0.219200700521,0.117635905743,0.0099482499063,-0.408639371395,-0.166063964367,-0.438401162624,-1.02182364464,0.139548227191,-0.184279844165
0.356007993221,-0.0798090323806,0.78503459692,0.999927043915,0.0071093859151,0.00177595450077,0.00959917530417,-0.19000056386,0.036623056978,0.153185531497,0.38139629364,-0.179378226399,-0.00540531938896,-0.192476853728,-0.0945182815194,-0.188523963094,0.416793614626,-0.214241445065,0.028799444437,0.142745196819,-0.0632631406188,0.491620957851,0.599025011063,0.599864840508,-0.106697969139,0.131404399872,0.0278662219644,-0.221303775907,0.116092272103,0.00968109443784,-0.410608828068,-0.165448158979,-0.43065071106,-1.01815342903,0.141926765442,-0.192074105144
0.368210554123,-0.0824014768004,0.785034358501,0.999928593636,0.0071590426378,0.00119203247596,0.00949288159609,-0.190584912896,0.0386668257415,0.157409653068,0.386167049408,-0.181107878685,-0.00540887657553,-0.192945331335,-0.095148190856,-0.18826213479,0.420402824879,-0.21733635664,0.0288891959935,0.143590763211,-0.0629305168986,0.493638306856,0.601033449173,0.602055966854,-0.104183994234,0.127038359642,0.0266977082938,-0.223795637488,0.115665443242,0.00864182133228,-0.411577880383,-0.163633778691,-0.421581178904,-1.01201558113,0.142143040895,-0.199483320117
0.365096896887,-0.0833203271031,0.785101413727,0.999931335449,0.00741275539622,0.000401467055781,0.00906498450786,-0.190191566944,0.0396719053388,0.161309555173,0.390107244253,-0.182933360338,-0.00460047693923,-0.194072961807,-0.096026301384,-0.186513245106,0.426554471254,-0.221784099936,0.0287548266351,0.144376263022,-0.0630121007562,0.495292752981,0.603681445122,0.604334115982,-0.102605231106,0.123760744929,0.0284154061228,-0.225740537047,0.116406552494,0.00657604495063,-0.411652565002,-0.160398796201,-0.412014007568,-1.00871300697,0.145026221871,-0.20511290431
0.358494281769,-0.0827080160379,0.785034835339,0.99993878603,0.00732397660613,1.65654437296e-05,0.00829183682799,-0.191527232528,0.0415842458606,0.165166720748,0.395783007145,-0.185718804598,-0.00440645124763,-0.195963695645,-0.096981741488,-0.186598166823,0.432014971972,-0.223535135388,0.028248546645,0.145490199327,-0.0630626380444,0.497023463249,0.605350732803,0.606126785278,-0.0978068634868,0.119396239519,0.0293952915817,-0.228075832129,0.116311535239,0.00507044699043,-0.410109400749,-0.154595464468,-0.401258051395,-1.00783777237,0.145456135273,-0.209161698818
0.333004742861,-0.0541046224535,0.78525853157,0.999954998493,0.00701099447906,-0.000192302119103,0.00638765981421,-0.191477745771,0.0453660935163,0.16499838233,0.397563874722,-0.184085085988,-0.00164273194969,-0.196921050549,-0.0965110808611,-0.183701127768,0.432234495878,-0.221225321293,0.0278814435005,0.150036305189,-0.0629500597715,0.497437059879,0.602968454361,0.60216319561,-0.0979332700372,0.122953206301,0.0173430796713,-0.226140320301,0.119046255946,0.00185514905024,-0.402893304825,-0.151224404573,-0.384040892124,-1.00123143196,0.148839101195,-0.229420572519
0.357309699059,-0.0799922421575,0.784705460072,0.999937653542,0.00724093848839,-0.000957170326728,0.00844850484282,-0.193105190992,0.0433327443898,0.166850030422,0.404610723257,-0.192338123918,-0.00448646489531,-0.197414562106,-0.100748240948,-0.19287699461,0.440836817026,-0.226975038648,0.0287093427032,0.144716858864,-0.0632054954767,0.50029617548,0.6151252985,0.61114102602,-0.0892393663526,0.111783601344,0.0260947309434,-0.231493920088,0.11730375886,-0.000390782341128,-0.408546417952,-0.146168336272,-0.388884276152,-1.00034356117,0.141675084829,-0.226943224669
0.354904919863,-0.0806678384542,0.784808933735,0.999936521053,0.0072214580141,-0.00140461139381,0.00853180512786,-0.193228587508,0.0446933209896,0.169829457998,0.406953811646,-0.194876611233,-0.00511668808758,-0.197126269341,-0.101443044841,-0.194558382034,0.44162067771,-0.227725639939,0.0282707307488,0.144580483437,-0.0635694861412,0.50109744072,0.619513452053,0.614757835865,-0.0872982591391,0.106513977051,0.024222150445,-0.233806222677,0.116761475801,-0.00115007010754,-0.407932847738,-0.142761275172,-0.387617528439,-0.993146419525,0.137257292867,-0.234182164073
0.344097077847,-0.0809430778027,0.785036623478,0.999934375286,0.00719236955047,-0.00162609282415,0.00876913126558,-0.193533465266,0.0462147034705,0.173173308372,0.408193022013,-0.195830985904,-0.00613241223618,-0.19668713212,-0.101696170866,-0.195334136486,0.440402716398,-0.22698815167,0.0268545653671,0.144636332989,-0.0640614852309,0.501632750034,0.623053431511,0.617276728153,-0.0871776342392,0.101947247982,0.0233368929476,-0.235504344106,0.117638841271,0.000443676428404,-0.406194895506,-0.140548378229,-0.387278527021,-0.988605678082,0.132999449968,-0.239630758762
0.325623720884,-0.0797428190708,0.785377264023,0.9999319911,0.00728415697813,-0.00174365099519,0.00893730018288,-0.193004265428,0.0474319644272,0.177068457007,0.407970756292,-0.194822832942,-0.00664602173492,-0.19662232697,-0.101986557245,-0.194719359279,0.439611643553,-0.225650668144,0.0258493982255,0.144659712911,-0.0649608299136,0.502558588982,0.627136111259,0.619679093361,-0.0880774632096,0.0969517305493,0.0239204280078,-0.236894920468,0.119783602655,0.00325898500159,-0.403696298599,-0.139031410217,-0.386468350887,-0.988110482693,0.132739648223,-0.244432643056
0.304845184088,-0.0778377279639,0.785772204399,0.99992954731,0.00737698748708,-0.00159543787595,0.00916213262826,-0.192330271006,0.0484554767609,0.182200044394,0.407077878714,-0.192817509174,-0.006004543975,-0.196998864412,-0.102527529001,-0.193868875504,0.439092516899,-0.224034279585,0.0256500337273,0.144323587418,-0.0662260353565,0.503910779953,0.630029380322,0.621167063713,-0.0886275842786,0.0921369642019,0.0274230577052,-0.238390162587,0.122914880514,0.00730279460549,-0.399683892727,-0.138915240765,-0.383356481791,-0.991185069084,0.136712148786,-0.246714293957
0.293027848005,-0.0507018119097,0.785759985447,0.999939501286,0.00688958680257,-0.000469655322377,0.00856238789856,-0.194422408938,0.0510293245316,0.180962473154,0.405373483896,-0.186117351055,0.000355529977242,-0.196431651711,-0.101958729327,-0.194756314158,0.429564356804,-0.217091113329,0.0245087500662,0.148858547211,-0.0677442848682,0.503822803497,0.627029657364,0.612052321434,-0.088388286531,0.0936735123396,0.0159180425107,-0.236309677362,0.129779368639,0.00887732766569,-0.387099564075,-0.142995223403,-0.372438400984,-0.991630613804,0.136661157012,-0.256321251392
0.279563456774,-0.0751393437386,0.785608947277,0.999928057194,0.00760086579248,-0.000522481801454,0.00926272384822,-0.194425880909,0.0487584769726,0.184307783842,0.406053423882,-0.190903022885,-0.00382648129016,-0.199551016092,-0.106320299208,-0.200656980276,0.437741696835,-0.218793526292,0.0263898875564,0.142879649997,-0.0692837387323,0.50662368536,0.634272158146,0.621708333492,-0.0818156674504,0.0856264159083,0.0230860095471,-0.239893302321,0.126003473997,0.0135846994817,-0.392208367586,-0.144938349724,-0.380878031254,-0.991491377354,0.137879401445,-0.250670671463
0.273280113935,-0.0749553963542,0.785638213158,0.999928951263,0.00765661243349,7.21419201e-05,0.00913690030575,-0.194679617882,0.0496015697718,0.187843367457,0.402848392725,-0.189924672246,-0.00342969084159,-0.200353756547,-0.106862179935,-0.20196044445,0.435491710901,-0.217430248857,0.0278691556305,0.143104314804,-0.0712731778622,0.507728338242,0.636815786362,0.623012959957,-0.0799766406417,0.0820994898677,0.0212743319571,-0.240603297949,0.126667618752,0.0160736255348,-0.388557523489,-0.148277491331,-0.381895959377,-0.989677727222,0.136111065745,-0.253061443567
0.26932862401,-0.0755625963211,0.785576939583,0.999930799007,0.00759675586596,0.00049857335398,0.00896678771824,-0.19505828619,0.0514832884073,0.192788019776,0.40106087923,-0.189529389143,-0.00331255118363,-0.200737029314,-0.106912709773,-0.201955378056,0.433848828077,-0.217769056559,0.0289758983999,0.143598347902,-0.0731221064925,0.508965790272,0.639017224312,0.62388253212,-0.0787926390767,0.079811796546,0.0222102086991,-0.240741118789,0.127708137035,0.0188327152282,-0.385289609432,-0.151070669293,-0.383356630802,-0.988888084888,0.132413700223,-0.255608618259
0.269084304571,-0.0764292180538,0.785463511944,0.999933958054,0.00750738335773,0.000931941729505,0.00865214690566,-0.195888698101,0.0532927885652,0.196917235851,0.400158047676,-0.188248500228,-0.00240954593755,-0.201378375292,-0.107041485608,-0.201731070876,0.433210521936,-0.217746078968,0.0295164585114,0.143983528018,-0.0749953836203,0.509919762611,0.640298783779,0.624001264572,-0.0789449736476,0.0792639553547,0.0246631726623,-0.240683227777,0.129779264331,0.0211296565831,-0.381826877594,-0.153918176889,-0.38339599967,-0.991240561008,0.129295825958,-0.256711423397
0.276299983263,-0.0769958868623,0.785254716873,0.999937832355,0.00734986364841,0.00122941948939,0.00829727482051,-0.197622328997,0.0546951666474,0.200313284993,0.400656253099,-0.187129810452,-0.0012529999949,-0.202173918486,-0.107174500823,-0.201735466719,0.434052079916,-0.217166244984,0.0299360603094,0.14417566359,-0.0765785723925,0.510381400585,0.641329407692,0.62470638752,-0.0776574090123,0.0795339643955,0.0268531553447,-0.239861965179,0.13142298162,0.0229291990399,-0.379265487194,-0.156630828977,-0.382504999638,-0.994346499443,0.126204535365,-0.256093502045
0.25453338027,-0.0499896705151,0.784792363644,0.999933958054,0.00704270647839,0.00127429363783,0.00898954365402,-0.199932694435,0.0565037876368,0.197440996766,0.40259245038,-0.183799281716,0.00304944999516,-0.203383401036,-0.106424629688,-0.201309219003,0.432954847813,-0.21422034502,0.0311826765537,0.146820068359,-0.0773348063231,0.510333240032,0.634028613567,0.620412826538,-0.0823182910681,0.082479223609,0.0182639118284,-0.236319437623,0.134445354342,0.0178672801703,-0.373580545187,-0.16332128644,-0.375069051981,-0.990882456303,0.121974691749,-0.263046771288
0.314341574907,-0.0777787938714,0.784546017647,0.999939262867,0.00717528164387,0.00188855326269,0.00815389398485,-0.201929479837,0.056404132396,0.202093377709,0.404973298311,-0.18752643466,0.000352838513209,-0.20545655489,-0.108318671584,-0.203522354364,0.437495261431,-0.216233476996,0.0314079299569,0.142767563462,-0.0789297223091,0.51064825058,0.641740739346,0.626051306725,-0.0767876803875,0.0812298059464,0.0267160777003,-0.240246355534,0.133131474257,0.0213323291391,-0.37726137042,-0.164017274976,-0.381837129593,-0.998182058334,0.119937084615,-0.257014036179
0.316577523947,-0.0781430676579,0.784374892712,0.999943435192,0.00682516535744,0.00196624104865,0.00791580695659,-0.204387277365,0.058657746762,0.20506541431,0.408962309361,-0.189740121365,0.000479156267829,-0.206183776259,-0.107655584812,-0.204065620899,0.438287526369,-0.216035306454,0.0315014198422,0.142634913325,-0.0794054046273,0.50999379158,0.642224729061,0.627704739571,-0.0772162303329,0.081778280437,0.0224023535848,-0.240824535489,0.133263885975,0.0205239001662,-0.378167450428,-0.164881706238,-0.383086204529,-0.998461127281,0.115961976349,-0.25571513176
0.307068705559,-0.0786909908056,0.784200191498,0.999945759773,0.00645650085062,0.00191409303807,0.00794915203005,-0.206490412354,0.061392121017,0.208907946944,0.413725078106,-0.192756712437,0.000108012791316,-0.206433147192,-0.107067301869,-0.205049723387,0.439657926559,-0.217483311892,0.0310779381543,0.142104044557,-0.0800748243928,0.509740889072,0.643111526966,0.628643870354,-0.0769431143999,0.0822355225682,0.0195902902633,-0.240359842777,0.133859321475,0.0199912972748,-0.379081010818,-0.164729773998,-0.384324282408,-0.997653067112,0.113769523799,-0.25329387188
0.296414375305,-0.0788080096245,0.784069538116,0.99994969368,0.00599634600803,0.00187995051965,0.00781391840428,-0.20838855207,0.0644613206387,0.212186783552,0.418621599674,-0.195127829909,-0.00032783250208,-0.206762447953,-0.106577068567,-0.206497520208,0.441355526447,-0.218795850873,0.0301150139421,0.140945076942,-0.0807589963078,0.509220063686,0.643782436848,0.628726959229,-0.076926626265,0.0827886834741,0.0188673175871,-0.239355444908,0.134692117572,0.0198989678174,-0.379301965237,-0.163601502776,-0.384120702744,-0.997699975967,0.116440683603,-0.24985049665
0.288018733263,-0.078151896596,0.783857524395,0.999954462051,0.00539542362094,0.00177097681444,0.00767311174423,-0.211177915335,0.0675401613116,0.21466897428,0.425067573786,-0.197347477078,-0.000639956851956,-0.207193404436,-0.105884313583,-0.20801217854,0.44404733181,-0.21946130693,0.0290573835373,0.139433756471,-0.0809848308563,0.509081482887,0.644408404827,0.629314422607,-0.0768857821822,0.0827532634139,0.0205289777368,-0.237321525812,0.135467082262,0.0201369281858,-0.377820760012,-0.161223575473,-0.381285250187,-0.999685764313,0.121986463666,-0.245254173875
0.247862324119,-0.0487333312631,0.784037590027,0.999957621098,0.0045814611949,0.00160542922094,0.00782034080476,-0.213276460767,0.0726770013571,0.213860914111,0.43128579855,-0.19702039659,0.00428488245234,-0.207528427243,-0.104129239917,-0.206895902753,0.443577826023,-0.217471823096,0.0271848253906,0.142033368349,-0.0802900716662,0.50918751955,0.637611687183,0.625963151455,-0.0835297778249,0.0850969254971,0.00914566405118,-0.234877690673,0.141500636935,0.0153656685725,-0.370396763086,-0.16102822125,-0.367677152157,-0.987450897694,0.120027534664,-0.25065985322
0.266674816608,-0.075596794486,0.782760679722,0.999956607819,0.00504442211241,0.00113591749687,0.00774302147329,-0.216751411557,0.0726697295904,0.218192324042,0.444415867329,-0.20825701952,0.0012759299716,-0.211076378822,-0.108947470784,-0.212800070643,0.45936101675,-0.230149030685,0.0303943343461,0.137213304639,-0.0818603858352,0.513334453106,0.651189506054,0.63644361496,-0.0769334957004,0.0754433497787,0.0143401203677,-0.238617315888,0.137245804071,0.0166921466589,-0.372278302908,-0.159780174494,-0.37652939558,-0.991277575493,0.120933666825,-0.249388992786
0.254259049892,-0.0760869532824,0.782387852669,0.999964892864,0.00498678721488,0.000595217163209,0.00670669879764,-0.218016803265,0.0762887820601,0.224535733461,0.452993154526,-0.213561341166,0.00121989310719,-0.212855011225,-0.109739355743,-0.214124187827,0.466466486454,-0.234753444791,0.0302319023758,0.138835892081,-0.0822605341673,0.515752434731,0.6555352211,0.641747713089,-0.0767238810658,0.0720969736576,0.00191689073108,-0.24094812572,0.136433571577,0.0164659097791,-0.370467245579,-0.160057574511,-0.376731961966,-0.986593484879,0.115501493216,-0.254489004612
0.231453612447,-0.0769293904305,0.782497763634,0.999972522259,0.0049646073021,0.000318874896038,0.00549736432731,-0.217234730721,0.07990539819,0.232036799192,0.456095725298,-0.215995818377,0.000710257154424,-0.213147625327,-0.109759129584,-0.214103341103,0.468776017427,-0.235821768641,0.0292387437075,0.140834316611,-0.083072334528,0.517255604267,0.659621715546,0.646218776703,-0.0773873701692,0.0685722604394,-0.00880117341876,-0.241715610027,0.137092977762,0.0163130238652,-0.369599550962,-0.160058259964,-0.376113325357,-0.984765231609,0.108728192747,-0.260466188192
0.207635760307,-0.0773538798094,0.783059537411,0.999978125095,0.00501552550122,0.000354600633727,0.00430190190673,-0.215135022998,0.0832015872002,0.239689871669,0.454772770405,-0.215078651905,7.86416203482e-05,-0.212510749698,-0.110233455896,-0.214378714561,0.467702567577,-0.23397859931,0.0276023093611,0.142695337534,-0.0843886807561,0.518301904202,0.661863088608,0.650889337063,-0.081540890038,0.0655330717564,-0.014178590849,-0.241324007511,0.139003068209,0.0166573151946,-0.369912832975,-0.159905821085,-0.373808860779,-0.986862003803,0.104460939765,-0.263740926981
0.191727548838,-0.0773928537965,0.783838868141,0.999982535839,0.00503113633022,0.000515069987159,0.00306777120568,-0.213091909885,0.0866699367762,0.248118847609,0.45141518116,-0.211318939924,-0.000550632714294,-0.2107937783,-0.111001446843,-0.215642645955,0.46433287859,-0.229582294822,0.0261142924428,0.143844634295,-0.0858805254102,0.518914461136,0.665647089481,0.656857907772,-0.085914902389,0.0619710572064,-0.0163519382477,-0.239445075393,0.141038477421,0.017569122836,-0.371470242739,-0.159682139754,-0.371594190598,-0.989120960236,0.101021587849,-0.267056465149
0.142927408218,-0.0483635626733,0.784468472004,0.999981403351,0.00494678784162,0.000824641610961,0.0034619346261,-0.209822371602,0.0889132469893,0.249113753438,0.442503809929,-0.202454388142,0.00362559501082,-0.208797827363,-0.109027527273,-0.210505142808,0.455228120089,-0.222242549062,0.0256808437407,0.149709179997,-0.0853463634849,0.517500758171,0.654746294022,0.647179543972,-0.0982267335057,0.0694337338209,-0.0274229664356,-0.237202048302,0.151410534978,0.0130368499085,-0.364684462547,-0.16337017715,-0.359241187572,-0.986858785152,0.0970628559589,-0.27870669961
0.170565336943,-0.0768368840218,0.78529715538,0.99998062849,0.00563529785722,0.00136111536995,0.0022653453052,-0.209980458021,0.0906739830971,0.259483337402,0.444602191448,-0.205060094595,0.000526181305759,-0.208479329944,-0.113758616149,-0.220248952508,0.455438941717,-0.227446168661,0.025877898559,0.145063832402,-0.0889898315072,0.520376801491,0.672799825668,0.669839739799,-0.0943460538983,0.0558102801442,-0.0190954562277,-0.238582417369,0.147667869925,0.0177694913,-0.37701189518,-0.166161864996,-0.371626853943,-0.986132383347,0.0938984304667,-0.276624053717
0.165349394083,-0.0784130319953,0.785991728306,0.999977469444,0.00576872145757,0.00234543299302,0.00251432112418,-0.210724681616,0.0935897827148,0.267157256603,0.441753685474,-0.203130766749,0.00047921348596,-0.208197236061,-0.114842258394,-0.222970232368,0.449641883373,-0.227050378919,0.0250633768737,0.145331576467,-0.0904102325439,0.520580232143,0.674882471561,0.67815631628,-0.0976990833879,0.0529728271067,-0.0212424490601,-0.239553242922,0.148382544518,0.0206766333431,-0.382999539375,-0.167335927486,-0.375356853008,-0.979676306248,0.0897003859282,-0.280576139688
0.166633784771,-0.0811858549714,0.786812365055,0.999972403049,0.00584069546312,0.00361060397699,0.00284761795774,-0.211125746369,0.0967487245798,0.27511510253,0.435680985451,-0.199260085821,9.42498154473e-05,-0.207652509212,-0.11558701843,-0.225655347109,0.441394835711,-0.223096445203,0.0227496102452,0.145854339004,-0.0921040102839,0.519996762276,0.677296102047,0.687046229839,-0.0983275398612,0.0507706068456,-0.0254604313523,-0.240963473916,0.149104908109,0.025677356869,-0.391671687365,-0.166734218597,-0.379624396563,-0.970054984093,0.0879259109497,-0.280791252851
0.177335932851,-0.0843149796128,0.788117527962,0.999966979027,0.00580809079111,0.00487782806158,0.00291171181016,-0.21011556685,0.0995090454817,0.281966865063,0.426181584597,-0.192957088351,-0.000262320914771,-0.206782162189,-0.116015091538,-0.228823006153,0.43237683177,-0.215969443321,0.0187971815467,0.146435841918,-0.0940086171031,0.518936514854,0.680046141148,0.698422253132,-0.097452044487,0.0486978255212,-0.0335852205753,-0.241283163428,0.149893775582,0.0329618901014,-0.403120577335,-0.16379891336,-0.384132653475,-0.960550189018,0.0940437689424,-0.277428716421
0.192955806851,-0.0866602733731,0.78938293457,0.999968469143,0.0053223753348,0.00556211685762,0.0019385231426,-0.211304396391,0.103189915419,0.287667959929,0.419402211905,-0.184740453959,-0.00273101055063,-0.204053670168,-0.117270156741,-0.235347673297,0.424594402313,-0.203959822655,0.0163294859231,0.14610928297,-0.095814473927,0.517425954342,0.689126133919,0.710521221161,-0.0919743180275,0.0462444275618,-0.0480954274535,-0.238099008799,0.149115294218,0.0412306673825,-0.418088257313,-0.160645872355,-0.387512415648,-0.947692096233,0.102052181959,-0.277593582869
0.0357929356396,-0.0586102642119,0.790104091167,0.999957859516,0.00445904582739,0.00682443939149,0.0042210961692,-0.210438907146,0.107225269079,0.2852409482,0.409876048565,-0.172542870045,0.00178436399437,-0.199830919504,-0.113011077046,-0.231880649924,0.410726815462,-0.19472309947,0.0177724566311,0.150176852942,-0.0972829759121,0.517801463604,0.676305532455,0.708009660244,-0.0996790677309,0.0552959106863,-0.06734893471,-0.237775325775,0.150171220303,0.0387401469052,-0.415446132421,-0.16641511023,-0.379207193851,-0.939222216606,0.107582628727,-0.285637587309
0.189461112022,-0.0853193700314,0.790622889996,0.999951243401,0.0048906924203,0.00725226150826,0.0045897946693,-0.216061934829,0.110026694834,0.287661492825,0.423001885414,-0.183279007673,-0.00595255196095,-0.202158629894,-0.121283702552,-0.245354324579,0.420912146568,-0.203272104263,0.0176142212003,0.145763546228,-0.100146919489,0.519578576088,0.703759908676,0.735489249229,-0.0878654867411,0.042221903801,-0.0618190541863,-0.240570783615,0.149905622005,0.0450480468571,-0.439296454191,-0.175200864673,-0.382567286491,-0.914305388927,0.101844854653,-0.282068878412
0.182253047824,-0.0846483334899,0.790904283524,0.999950110912,0.0047642160207,0.00774208595976,0.00413994118571,-0.218313932419,0.115797050297,0.294797152281,0.429856657982,-0.185944452882,-0.00641421927139,-0.203492581844,-0.122920073569,-0.247512251139,0.424390912056,-0.203211501241,0.0181253924966,0.149817749858,-0.100845947862,0.5205052495,0.710680365562,0.747426748276,-0.0853221267462,0.0390887707472,-0.065161652863,-0.242142081261,0.144508004189,0.0457883737981,-0.452168941498,-0.183569192886,-0.382928103209,-0.89046305418,0.0971500128508,-0.28404968977
0.180282130837,-0.0843918398023,0.791643261909,0.99995303154,0.00478687090799,0.00800653640181,0.00263921287842,-0.216758906841,0.121473103762,0.305142313242,0.432722806931,-0.186424925923,-0.0063133565709,-0.204286172986,-0.122968316078,-0.244612470269,0.425459861755,-0.198017179966,0.017972484231,0.15459048748,-0.10027077049,0.519626677036,0.717812120914,0.753904461861,-0.0832999274135,0.031313996762,-0.0666740238667,-0.242612600327,0.143383011222,0.0444285236299,-0.465444147587,-0.184155553579,-0.387337565422,-0.876263976097,0.0965015292168,-0.280058294535
0.173898920417,-0.0837550312281,0.793006360531,0.99995726347,0.00465341703966,0.00798499584198,0.000433688866906,-0.213641941547,0.128419980407,0.317495465279,0.436902701855,-0.187796756625,-0.00579276354983,-0.205903485417,-0.123144030571,-0.242881819606,0.427142471075,-0.190278977156,0.0137111218646,0.159458681941,-0.0986375585198,0.519038319588,0.721612274647,0.761036634445,-0.0821974650025,0.0181552935392,-0.0687849372625,-0.242147564888,0.145570188761,0.0453222207725,-0.482617229223,-0.173642501235,-0.397772341967,-0.869084358215,0.106200322509,-0.270691692829
0.146373897791,-0.0814048424363,0.794046580791,0.999960124493,0.00394920818508,0.00725461170077,-0.00338617153466,-0.214790284634,0.13726824522,0.328472882509,0.448191761971,-0.187366276979,-0.0088119385764,-0.206148326397,-0.12419180572,-0.246394336224,0.431152194738,-0.178398579359,0.0113702379167,0.164114668965,-0.0963631793857,0.519272506237,0.732463181019,0.766842067242,-0.0739018768072,0.00340261100791,-0.0784901157022,-0.239338651299,0.147237733006,0.0499878227711,-0.504776895046,-0.162825912237,-0.407307952642,-0.868485689163,0.117921575904,-0.273339033127
-0.0758213326335,-0.0410868860781,0.7962500453,0.999967992306,0.00185243238229,0.0065088798292,-0.00426792306826,-0.222222745419,0.153411731124,0.333450138569,0.471598058939,-0.181788727641,-0.00678272405639,-0.203103423119,-0.12097171694,-0.247452840209,0.429710716009,-0.175037547946,0.0126246623695,0.174142017961,-0.0906088501215,0.519688248634,0.731872260571,0.766837775707,-0.0785263255239,-0.00411369511858,-0.0796616226435,-0.238165900111,0.157020896673,0.0591475553811,-0.523360610008,-0.165207996964,-0.406724154949,-0.845292985439,0.12214422971,-0.268905282021
-0.00806201808155,-0.0675319954753,0.794643878937,0.999988853931,0.00067200360354,0.00345338345505,-0.00313901947811,-0.233580842614,0.166355356574,0.341164022684,0.519513785839,-0.202603116632,-0.0113559821621,-0.201653465629,-0.128378763795,-0.261809527874,0.455017745495,-0.192938998342,0.0177103020251,0.173872366548,-0.0837459862232,0.519907355309,0.758579671383,0.787962794304,-0.0693684071302,-0.027956109494,-0.0801914408803,-0.237498626113,0.155424579978,0.0712807029486,-0.559401154518,-0.162400871515,-0.423345029354,-0.825520098209,0.121037423611,-0.27357211709
-0.0711895301938,-0.063987120986,0.79335552454,0.999995172024,-0.000623730244115,1.49691122715e-05,-0.00303577282466,-0.246255591512,0.18181347847,0.348417431116,0.567247986794,-0.218488156796,-0.0122567405924,-0.20620380342,-0.135080933571,-0.268420815468,0.485738188028,-0.208927035332,0.0183534882963,0.178958892822,-0.0770615562797,0.521136164665,0.783177375793,0.793094694614,-0.061420828104,-0.0431608371437,-0.0850497484207,-0.235221892595,0.153910428286,0.0875756219029,-0.599739789963,-0.16767410934,-0.432450562716,-0.778885066509,0.110050976276,-0.281209975481
-0.108877897263,-0.0630986317992,0.791791558266,0.999987959862,-0.000973704911303,-0.00233524991199,-0.0042060171254,-0.254312485456,0.191978365183,0.35496789217,0.599705517292,-0.227822601795,-0.0137911504135,-0.214287787676,-0.141716688871,-0.268746912479,0.513906419277,-0.216519758105,0.0162063501775,0.1826967448,-0.0744977295399,0.523837447166,0.810049116611,0.786889791489,-0.04822627455,-0.0565863549709,-0.0868882611394,-0.234855607152,0.155371710658,0.105303473771,-0.645593762398,-0.178611218929,-0.444205909967,-0.729308784008,0.0907567739487,-0.282142966986
-0.138363227248,-0.0617740489542,0.79133617878,0.999984800816,0.000162133423146,-0.0022059166804,-0.00505057303235,-0.25409668684,0.191827356815,0.362839490175,0.600231647491,-0.229181855917,-0.0115615958348,-0.221490964293,-0.147128000855,-0.267186820507,0.524274051189,-0.215027958155,0.0174025576562,0.181653797626,-0.0768316909671,0.527822554111,0.823016941547,0.784732460976,-0.0472157225013,-0.0574235990644,-0.0875019878149,-0.235255941749,0.163913846016,0.121733546257,-0.700025320053,-0.188455998898,-0.453604072332,-0.683653831482,0.0783242583275,-0.281730741262
-0.160658359528,-0.0596303790808,0.792817473412,0.999985814095,0.00206821085885,0.00204387190752,-0.00445372797549,-0.248219743371,0.182368040085,0.373795449734,0.562684178352,-0.216009244323,-0.00788798555732,-0.22442483902,-0.150710195303,-0.270948678255,0.503799438477,-0.199568271637,0.0216729771346,0.174746632576,-0.0835187733173,0.531601130962,0.812738001347,0.793225109577,-0.0622205212712,-0.0412546657026,-0.0900299102068,-0.235129594803,0.178215131164,0.137586444616,-0.755244374275,-0.198290243745,-0.459027945995,-0.650039553642,0.0803258642554,-0.283621132374
-0.179701298475,-0.0342610292137,0.795910716057,0.999959945679,0.00236824317835,0.00861803814769,-0.000508402881678,-0.242766469717,0.172910749912,0.379283756018,0.50571757555,-0.186908468604,-0.00523782102391,-0.216669246554,-0.147441327572,-0.282071083784,0.451549440622,-0.176632031798,0.0267961602658,0.166149377823,-0.0889980196953,0.531396448612,0.786153793335,0.806696534157,-0.0843835249543,-0.00893232226372,-0.106338657439,-0.234891742468,0.18909060955,0.147376611829,-0.791217803955,-0.200840264559,-0.457789868116,-0.612989425659,0.0757793411613,-0.283343106508
-0.179367393255,-0.0561375208199,0.798429429531,0.999882221222,0.00224286853336,0.0151634458452,0.000736206653528,-0.236917153001,0.169343516231,0.396496415138,0.457095831633,-0.169470772147,-0.010658624582,-0.207276895642,-0.146150678396,-0.295873314142,0.40067127347,-0.152601376176,0.0285252872854,0.153723731637,-0.0926508530974,0.528776586056,0.770494997501,0.8388209939,-0.100352928042,0.0183781366795,-0.126190185547,-0.240749806166,0.18772007525,0.164582327008,-0.837588310242,-0.209772840142,-0.470475465059,-0.563165605068,0.0756510645151,-0.293912410736
-0.172281742096,-0.0568640083075,0.799723982811,0.999799609184,0.00209750072099,0.0198061577976,0.00200335960835,-0.232844546437,0.16776278615,0.409545063972,0.420979917049,-0.151660397649,-0.0112699046731,-0.198170170188,-0.142691150308,-0.304184764624,0.359260767698,-0.139605179429,0.0269872341305,0.148608744144,-0.0951510369778,0.526635527611,0.758240044117,0.857119679451,-0.10267059505,0.0343990474939,-0.149602949619,-0.244902938604,0.184562787414,0.180180579424,-0.858246266842,-0.220378234982,-0.482379257679,-0.524243354797,0.0687189847231,-0.295235186815
-0.136883124709,-0.061090324074,0.800173461437,0.999743819237,0.00210012542084,0.0223607923836,0.00279924506322,-0.227886810899,0.165643528104,0.415515393019,0.395908176899,-0.143267631531,-0.011170970276,-0.188813135028,-0.139270529151,-0.306342333555,0.328916937113,-0.134697958827,0.0240113753825,0.146798789501,-0.0965898185968,0.524225711823,0.757562935352,0.871599435806,-0.0938897132874,0.0368839800358,-0.161316335201,-0.246272578835,0.181916356087,0.196397006512,-0.869519710541,-0.232299908996,-0.494755148888,-0.498203247786,0.0657002925873,-0.289815574884
-0.105962462723,-0.0655397549272,0.800667285919,0.999724268913,0.00208356673829,0.0231794938445,0.00310793495737,-0.222927302122,0.164986923337,0.418107360601,0.381961494684,-0.140556588769,-0.010214228183,-0.181169524789,-0.137433066964,-0.306475639343,0.309700608253,-0.130415484309,0.0219423286617,0.146816805005,-0.0965562313795,0.521251857281,0.763262212276,0.884773015976,-0.0822164490819,0.0326861515641,-0.173027724028,-0.246305540204,0.177485048771,0.212973982096,-0.8777962327,-0.244412228465,-0.506727159023,-0.482279956341,0.0660149082541,-0.276818990707
-0.110675320029,-0.0669411718845,0.80117058754,0.999749422073,0.00179952953476,0.0222091339529,0.00213537504897,-0.218900710344,0.166762828827,0.419355869293,0.378817111254,-0.140873864293,-0.00932341720909,-0.175296142697,-0.136672884226,-0.304365664721,0.301136702299,-0.122299723327,0.0212809890509,0.147666782141,-0.0947206541896,0.516960680485,0.775682330132,0.896055996418,-0.0703664720058,0.0282308422029,-0.188815146685,-0.243161514401,0.167591661215,0.230118408799,-0.88683205843,-0.252815425396,-0.518786847591,-0.478992670774,0.0661606118083,-0.261258542538
-0.237987980247,-0.0273389089853,0.801713466644,0.999753773212,0.00119516905397,0.0217784773558,0.00408053305,-0.219361647964,0.169950440526,0.410720288754,0.380933195353,-0.139471739531,-0.00665584485978,-0.170617714524,-0.135127410293,-0.302663058043,0.294018477201,-0.12330455333,0.0219517275691,0.153340339661,-0.091369330883,0.517502486706,0.765431463718,0.896035909653,-0.082431383431,0.0200406704098,-0.195584267378,-0.238323777914,0.168311446905,0.232639610767,-0.876027882099,-0.25205463171,-0.519520103931,-0.483993798494,0.0674398168921,-0.249034315348
-0.184345319867,-0.0631319507957,0.801908493042,0.999818444252,0.00140108214691,0.0188834872097,0.00211963406764,-0.219318851829,0.178847506642,0.421846926212,0.404003232718,-0.160177081823,-0.00356827303767,-0.177015036345,-0.14459566772,-0.306194126606,0.322887778282,-0.131945878267,0.0252999700606,0.151547729969,-0.0900197327137,0.514611542225,0.797894537449,0.926644146442,-0.0670598894358,0.00960764568299,-0.203532606363,-0.237618207932,0.151292815804,0.254288077354,-0.907635867596,-0.255842447281,-0.53800368309,-0.465327441692,0.0603349730372,-0.232043460011
-0.255627214909,-0.0586443208158,0.801710367203,0.999882400036,0.000994325382635,0.0152476262301,0.0013149996521,-0.220022544265,0.190556809306,0.429325401783,0.429927051067,-0.178477346897,-0.000393101363443,-0.181449472904,-0.152650788426,-0.312492638826,0.351034760475,-0.141502648592,0.0251321606338,0.153850600123,-0.0874961465597,0.516099274158,0.814969420433,0.941483199596,-0.0620612315834,0.00031471636612,-0.215279713273,-0.238092660904,0.140311077237,0.262465119362,-0.927784860134,-0.257435590029,-0.548125267029,-0.445976436138,0.0499621964991,-0.223609924316
-0.346050351858,-0.052370890975,0.801540315151,0.999930679798,0.001144837006,0.0116200568154,0.00151323725004,-0.218920648098,0.199327230453,0.435560584068,0.450805097818,-0.19245532155,0.00129579217173,-0.183373317122,-0.162422016263,-0.321872353554,0.377177119255,-0.151847660542,0.0229703187943,0.155765667558,-0.0862166211009,0.519245386124,0.830219626427,0.954833865166,-0.0593600869179,-0.0110169807449,-0.22011052072,-0.237677574158,0.137895345688,0.270038574934,-0.943603277206,-0.266628921032,-0.55418741703,-0.436662584543,0.0399599783123,-0.222218349576
-0.42809677124,-0.0464168339968,0.802096426487,0.999960780144,0.00169970782008,0.00835404545069,0.00238494481891,-0.215844377875,0.20503295958,0.440075874329,0.46456977725,-0.202270567417,0.00180255260784,-0.182644188404,-0.172457963228,-0.332487761974,0.39682161808,-0.159142747521,0.0210436526686,0.156937986612,-0.0861139595509,0.522538483143,0.84553694725,0.970046103001,-0.057133000344,-0.0249580387026,-0.217308878899,-0.236066356301,0.139152362943,0.279590666294,-0.953285813332,-0.281218498945,-0.556574642658,-0.437181502581,0.0350186601281,-0.225180178881
-0.484005242586,-0.0411059595644,0.803915262222,0.999967396259,0.00235617253929,0.00654178392142,0.00410003960133,-0.211973488331,0.206596806645,0.442224949598,0.465978443623,-0.203958898783,3.49649817508e-05,-0.181135267019,-0.180125251412,-0.340600371361,0.403655767441,-0.156864121556,0.0208963062614,0.157095313072,-0.0868040323257,0.52390986681,0.857574939728,0.989434123039,-0.0563453100622,-0.0362588912249,-0.214144513011,-0.232692986727,0.137978494167,0.296674489975,-0.956001400948,-0.30144315958,-0.55601131916,-0.444479584694,0.0407670028508,-0.230305686593
-0.478973776102,-0.0217368230224,0.806412041187,0.999940633774,0.0016776897246,0.00624692160636,0.00876364018768,-0.214667856693,0.208428531885,0.43248462677,0.457909762859,-0.188933566213,-0.00873362459242,-0.174696028233,-0.182884484529,-0.349533826113,0.390929847956,-0.144350260496,0.020148396492,0.159495025873,-0.0855020806193,0.522849619389,0.866270720959,1.00462841988,-0.0493234060705,-0.0382860563695,-0.225788980722,-0.229455932975,0.13229867816,0.314637303352,-0.950139164925,-0.322143763304,-0.55035418272,-0.434480309486,0.033965613693,-0.232121780515
-0.54192006588,-0.036883726716,0.808281183243,0.999927699566,0.00165968923829,0.00597078772262,0.0103079341352,-0.218515992165,0.216473132372,0.441352725029,0.468488514423,-0.194762825966,-0.00959482137114,-0.174665436149,-0.190369293094,-0.361878812313,0.392213732004,-0.133989706635,0.0199231244624,0.154560089111,-0.0848769471049,0.519164025784,0.891981005669,1.04303765297,-0.0330193787813,-0.036416515708,-0.247259870172,-0.231221184134,0.109195105731,0.347530901432,-0.965472459793,-0.351640075445,-0.546126127243,-0.407878905535,0.0310435909778,-0.234463408589
-0.559606492519,-0.0369665250182,0.809930801392,0.999911367893,0.00119105668273,0.00565374968573,0.0119954608381,-0.222835227847,0.223036631942,0.44581386447,0.472821444273,-0.193536832929,-0.0100529808551,-0.175324141979,-0.194727689028,-0.367511302233,0.391020447016,-0.127408534288,0.0169860720634,0.154728114605,-0.084085598588,0.517342984676,0.906763613224,1.06770896912,-0.0185326337814,-0.0305320955813,-0.269897192717,-0.234624028206,0.0941996350884,0.365216672421,-0.973109841347,-0.370706796646,-0.539383947849,-0.381596118212,0.0278186351061,-0.235165208578
-0.581583082676,-0.0368314571679,0.810665071011,0.999903082848,0.00114369555376,0.00545863760635,0.0127595681697,-0.226314634085,0.22668030858,0.448750644922,0.476074427366,-0.1926407516,-0.00823876541108,-0.176729977131,-0.198797732592,-0.371481627226,0.392142415047,-0.126399561763,0.0144003089517,0.155600041151,-0.084812477231,0.516187369823,0.917562782764,1.0849301815,-0.006517264992,-0.0296343937516,-0.284040659666,-0.236621379852,0.0887903869152,0.372378915548,-0.974736571312,-0.380723327398,-0.53500264883,-0.367652863264,0.0279151946306,-0.232868462801
-0.610521495342,-0.0361484736204,0.810828506947,0.999901413918,0.00135063927155,0.00540222600102,0.0128900948912,-0.228568956256,0.228859677911,0.451271414757,0.477982908487,-0.192826256156,-0.0049659027718,-0.179386854172,-0.202904254198,-0.374795675278,0.395340025425,-0.127212882042,0.0127602880821,0.156427815557,-0.0864653587341,0.515371918678,0.926540136337,1.09917199612,0.00231793685816,-0.0326495915651,-0.289518564939,-0.238943621516,0.089633077383,0.373329073191,-0.974409043789,-0.384644806385,-0.532589495182,-0.364157915115,0.0322379134595,-0.228661075234
-0.634836673737,-0.0358067937195,0.810629487038,0.999905705452,0.00161213753745,0.00552009418607,0.0124674942344,-0.229168340564,0.230792731047,0.456474125385,0.477300792933,-0.191364601254,-0.00142355018761,-0.182538256049,-0.206138506532,-0.376252502203,0.398026406765,-0.126656770706,0.0145208546892,0.15707488358,-0.0889472067356,0.514450609684,0.931509852409,1.10996031761,0.00619108369574,-0.0355719551444,-0.284223675728,-0.241176843643,0.0973395258188,0.367269903421,-0.975702941418,-0.383870333433,-0.529191255569,-0.368589401245,0.0411530360579,-0.224400639534
-0.638286411762,-0.0173987727612,0.80993270874,0.999879717827,0.000869546376634,0.00523936701939,0.0145688774064,-0.229779869318,0.231390938163,0.452892065048,0.466118097305,-0.176945954561,-0.00278597255237,-0.177255675197,-0.20337612927,-0.377917677164,0.383964717388,-0.119437254965,0.021407911554,0.157195970416,-0.0902974009514,0.514186561108,0.931489944458,1.10880565643,0.00273502338678,-0.0359528698027,-0.285602033138,-0.237929105759,0.112797275186,0.35370644927,-0.975257098675,-0.369535952806,-0.51932156086,-0.371859252453,0.0396740958095,-0.223103284836
-0.683452308178,-0.0356684029102,0.810232043266,0.999896168709,0.0012136179721,0.00487067690119,0.0135080683976,-0.230447024107,0.239720106125,0.469524413347,0.474036574364,-0.182648330927,-0.00197171070613,-0.176081389189,-0.208804443479,-0.384252369404,0.386242717505,-0.117175005376,0.0212176833302,0.152016922832,-0.0916451513767,0.511009216309,0.94549113512,1.1265078783,0.0144068272784,-0.028342962265,-0.283901542425,-0.242088273168,0.111083127558,0.349363356829,-1.00155699253,-0.378268033266,-0.509379923344,-0.350255787373,0.0388142466545,-0.219213068485
-0.714687407017,-0.0343065112829,0.810814619064,0.999898850918,0.000727303442545,0.00439186999574,0.0135090854019,-0.227328985929,0.245667725801,0.483850896358,0.46408739686,-0.172922641039,-0.00519433245063,-0.169157773256,-0.206244975328,-0.385653585196,0.3661685884,-0.103518977761,0.023893462494,0.147926732898,-0.09329097718,0.507914662361,0.95571243763,1.13012492657,0.0209350790828,-0.0169340223074,-0.293408155441,-0.243389770389,0.111523419619,0.336517244577,-1.0249145031,-0.376150459051,-0.494408607483,-0.331370979548,0.03439489007,-0.221098303795
-0.750497102737,-0.0316570699215,0.811484217644,0.99990350008,0.000347762514139,0.00392677821219,0.013320340775,-0.222596555948,0.250023365021,0.497606307268,0.45082962513,-0.162236601114,-0.00900258496404,-0.161706075072,-0.204204723239,-0.388802856207,0.344591200352,-0.088992446661,0.0242670308799,0.143245428801,-0.0954433083534,0.50542730093,0.968762457371,1.12900781631,0.0307675842196,-0.0072756675072,-0.303625762463,-0.24453766644,0.110717661679,0.324152588844,-1.04877924919,-0.376190871,-0.479970037937,-0.31644615531,0.031931836158,-0.223989784718
-0.796043753624,-0.0276793800294,0.812045276165,0.999910473824,8.70199892233e-06,0.00321001233533,0.0129909832031,-0.216475024819,0.253051072359,0.508833348751,0.437672793865,-0.152972504497,-0.0130113130435,-0.15409642458,-0.202928885818,-0.392526596785,0.324513584375,-0.0750364810228,0.0240211710334,0.138740882277,-0.097502656281,0.503954231739,0.982110977173,1.12727367878,0.0410519056022,-0.000813564052805,-0.312305420637,-0.246459230781,0.110947906971,0.315086722374,-1.0754224062,-0.378664821386,-0.465972065926,-0.30506080389,0.0310214161873,-0.227243453264
-0.843917369843,-0.0232811272144,0.81252092123,0.999912858009,-0.000299230101518,0.00227794866078,0.0129983499646,-0.209401488304,0.255218416452,0.518679201603,0.425171107054,-0.144496768713,-0.0168809685856,-0.146589934826,-0.202418521047,-0.396291226149,0.306286603212,-0.0620761886239,0.0243335496634,0.133963465691,-0.0993967801332,0.503217041492,0.992808520794,1.12668251991,0.0491697154939,0.00467543955892,-0.318146526814,-0.249098613858,0.113326892257,0.307533830404,-1.10739254951,-0.383090823889,-0.449542224407,-0.29192763567,0.0314100235701,-0.229837611318
-0.863793134689,-0.00922370981425,0.812861979008,0.999902248383,-0.00174662016798,0.00131376145873,0.0138090001419,-0.206021621823,0.257190346718,0.516989350319,0.411504656076,-0.126073718071,-0.021335311234,-0.138464272022,-0.197621673346,-0.399694591761,0.283171117306,-0.0469549261034,0.0279617086053,0.132922098041,-0.0995921865106,0.506418824196,0.990409910679,1.11614334583,0.0458151847124,0.00771846203133,-0.329818814993,-0.249024525285,0.120025470853,0.292364805937,-1.13035166264,-0.375228196383,-0.425531208515,-0.282402604818,0.0278475806117,-0.232888862491
-0.932756721973,-0.0158026255667,0.813548803329,0.999907374382,-0.00106365664396,-0.000688213098329,0.0135498102754,-0.199756324291,0.261872172356,0.535545825958,0.410945087671,-0.13151307404,-0.0237577874213,-0.133267313242,-0.203689813614,-0.406995624304,0.284371286631,-0.0413974411786,0.0293406378478,0.123947069049,-0.10186522454,0.502632260323,1.01536214352,1.13316261768,0.0631883665919,0.0292026344687,-0.332757115364,-0.253237307072,0.11139126122,0.291448056698,-1.18887221813,-0.3917735219,-0.396280348301,-0.234208777547,0.0169651284814,-0.236673370004
-0.979677736759,-0.0112975072116,0.814611136913,0.999924838543,-0.00126730650663,-0.00283737084828,0.0118572255597,-0.193892747164,0.270585477352,0.55524367094,0.412367731333,-0.129178375006,-0.0286159552634,-0.13128246367,-0.207448735833,-0.411127656698,0.27984815836,-0.0280162040144,0.0320095047355,0.11944385618,-0.104346163571,0.504065215588,1.02668488026,1.13510644436,0.0728202238679,0.0503398142755,-0.340947747231,-0.256407827139,0.106754675508,0.278051376343,-1.24721372128,-0.398984223604,-0.35566303134,-0.183361396194,-0.00109757843893,-0.238449901342
-1.02948653698,-0.00577304977924,0.815831422806,0.999952197075,-0.000906836532522,-0.00539982086048,0.00810187030584,-0.186328738928,0.281350046396,0.581798732281,0.414836704731,-0.124474801123,-0.0386125482619,-0.130795881152,-0.215935111046,-0.416347056627,0.275785177946,-0.00664193741977,0.033698681742,0.111656315625,-0.109351165593,0.506598830223,1.0477091074,1.12788891792,0.0888915359974,0.0726449862123,-0.35194388032,-0.259369760752,0.100347220898,0.250927299261,-1.31857860088,-0.404134273529,-0.302729189396,-0.129573076963,-0.0276528913528,-0.237998962402
-1.08156239986,0.00100901396945,0.817929685116,0.99995470047,-0.000426997459726,-0.00805953703821,0.0050384355709,-0.178921088576,0.28905838728,0.603918433189,0.41290256381,-0.115277424455,-0.0492348484695,-0.132987365127,-0.225119248033,-0.41905644536,0.273715108633,0.016333270818,0.0337053723633,0.100024797022,-0.113418623805,0.507125973701,1.08331871033,1.12171041965,0.110563978553,0.0907139405608,-0.368217408657,-0.265996783972,0.0869187191129,0.222524315119,-1.38978421688,-0.409750878811,-0.252717763186,-0.0887669026852,-0.050647508353,-0.237425848842
-1.13046908379,0.00989323761314,0.821929216385,0.999945998192,-0.000267062947387,-0.0101050101221,0.00240879133344,-0.171869292855,0.299239218235,0.629687070847,0.415966898203,-0.111489474773,-0.0564668923616,-0.139952853322,-0.235684499145,-0.417548984289,0.275878727436,0.0368357747793,0.0333485938609,0.0866867005825,-0.117835342884,0.506076157093,1.12669372559,1.11379694939,0.139189556241,0.103397123516,-0.393273949623,-0.280217260122,0.0700145959854,0.197060227394,-1.46091711521,-0.431677281857,-0.206474900246,-0.0492599532008,-0.0735649988055,-0.232386663556
-1.00634920597,0.00945178605616,0.822602629662,0.999890446663,-0.000486471777549,-0.0142448842525,0.00398846203461,-0.178333804011,0.297357469797,0.607801377773,0.419641137123,-0.0894415602088,-0.0642670989037,-0.140061095357,-0.238451704383,-0.409825056791,0.273715347052,0.0591735988855,0.0339527912438,0.0750992074609,-0.120176807046,0.503956258297,1.1875718832,1.11941552162,0.181748077273,0.087360009551,-0.420186072588,-0.284064888954,0.0574535727501,0.165388271213,-1.50533008575,-0.419651627541,-0.164130434394,-0.042812179774,-0.0924868360162,-0.248589530587
-1.21513199806,0.0247844867408,0.828340172768,0.999880433083,0.000969359127339,-0.0153432805091,0.00165011023637,-0.173180446029,0.325505644083,0.650275111198,0.451392650604,-0.116121724248,-0.0847488641739,-0.145151108503,-0.267150074244,-0.430462241173,0.301313877106,0.0724287033081,0.0297451391816,0.0647451430559,-0.129149466753,0.504828393459,1.22547626495,1.10375833511,0.206227630377,0.135827645659,-0.44498732686,-0.301303356886,0.0249867271632,0.202004879713,-1.53632700443,-0.488170355558,-0.106948450208,-0.012473827228,-0.127872213721,-0.238724797964
-1.25873875618,0.030450033024,0.836983501911,0.999856114388,0.00120157445781,-0.0168966650963,-0.000911844079383,-0.179357588291,0.368840187788,0.681916058064,0.50406140089,-0.132812857628,-0.106640905142,-0.167248442769,-0.299310475588,-0.435839861631,0.345299065113,0.111976385117,0.0181801896542,0.0518879815936,-0.142792269588,0.505239844322,1.31213724613,1.07450795174,0.275488168001,0.202815666795,-0.498471528292,-0.329609513283,-0.0267551988363,0.217655971646,-1.57582366467,-0.548553943634,-0.00069868756691,0.0195283517241,-0.189589709044,-0.233004868031
-1.46761953831,0.0363854989409,0.886163055897,0.999377727509,0.0229266937822,-0.00884765572846,0.0253035333008,-0.0838971361518,0.612104594707,1.03703832626,0.708770871162,-0.17919665575,-0.0396667346358,-0.258934736252,-0.570472061634,-0.495132774115,0.657679080963,0.317563176155,-0.0494610443711,-0.0615952201188,-0.228581637144,0.503768205643,1.51817584038,0.907465577126,0.427745163441,0.661293745041,-0.66043317318,-0.470687031746,-0.277099490166,0.501125812531,-1.62948822975,-0.893591880798,0.535189390182,0.108531981707,-0.432422041893,-0.0251225102693
-1.89213216305,0.0783066824079,0.905506968498,0.99942201376,0.0216789059341,0.0199820753187,0.0169216580689,-0.135500311852,0.695531725883,0.9979185462,0.699928879738,-0.0103123523295,-0.118674516678,-0.303619652987,-0.582638978958,-0.414476782084,0.54131770134,0.69357162714,0.136177107692,0.0365508683026,-0.139291554689,0.385316640139,1.86571443081,0.90878111124,0.638491332531,0.635433077812,-0.375291496515,-0.363267153502,-0.190841004252,2.43654847145,1.71757030487,-1.24285149574,0.582766652107,0.0435791127384,-0.473082780838,-0.0871809720993
-1.99563217163,0.0897324085236,0.892585992813,0.99869543314,-0.0140113132074,-0.0418492406607,-0.0256855562329,-0.13561552763,0.731434762478,0.761519014835,0.803108036518,-0.0755842328072,-0.0168318115175,-0.294809252024,-0.581460833549,-0.512484192848,0.872531294823,0.350134700537,-0.21699360013,0.0615197867155,-0.118399500847,0.53119134903,1.61416816711,1.03362262249,0.587236404419,0.731519162655,-0.41014033556,-0.304584145546,-0.107432857156,0.710903227329,-1.47562742233,-1.07555830479,0.247241452336,0.129422515631,-0.75930505991,-0.0720336213708
-1.08101451397,-0.0329842530191,0.847723007202,0.999804317951,-0.0130940089002,-0.0139995021746,-0.00489463796839,-0.020014276728,0.691876351833,1.14959156513,0.769259870052,-0.0765052512288,0.103900954127,-0.180500924587,-0.33021992445,-0.299962460995,0.316945016384,0.367631822824,0.176329612732,0.0570848286152,-0.135473817587,0.527351498604,1.77638065815,0.727797627449,0.525052905083,0.433360368013,-0.49701705575,-0.665534555912,-0.155243426561,0.578272283077,-1.58558142185,-0.788049936295,0.167140454054,0.00324146216735,-0.522453904152,-0.253875017166
-1.86600363255,0.112512558699,0.881398558617,0.999854564667,-0.0115288253874,0.011468318291,0.00513516459614,-0.064912751317,0.760792672634,1.12565565109,0.668707311153,0.12489118427,0.0949781164527,-0.216680496931,-0.436583340168,-0.549524009228,0.409666240215,0.55999571085,0.134569212794,-0.0804513469338,-0.13276194036,0.327664107084,2.04772281647,0.848989188671,0.56813454628,0.54856300354,-0.296733468771,-0.358438760042,-0.151400312781,-2.86016345024,-1.68616461754,2.12526917458,0.709243059158,0.0145973488688,-0.618350088596,-0.115362323821
-2.06192278862,0.101714976132,0.903898358345,0.998908996582,-0.0169541724026,-0.0314956791699,-0.03002442047,-0.200323224068,0.724873781204,0.679635226727,0.736479222775,0.00259007210843,-0.0555689036846,-0.205026969314,-0.573549687862,-0.640533328056,0.727984905243,0.371101081371,-0.226637259126,0.100242972374,-0.0924657583237,0.516341865063,1.62754917145,1.00932276249,0.575323462486,0.730358958244,-0.38017064333,-0.315465182066,-0.186488330364,0.986108541489,-1.52658343315,-1.3888810873,0.299303263426,0.205147534609,-0.773522138596,-0.0583943128586
-1.96221423149,0.0792743861675,0.89534676075,0.999439001083,-0.0130770327523,-0.028367601335,-0.0120801487938,-0.327776998281,0.688840687275,0.492892205715,0.812273919582,0.0462248846889,-0.0676736310124,-0.211114436388,-0.54776006937,-0.609035372734,0.697639703751,0.348743438721,-0.170895546675,0.102273702621,-0.0851471349597,0.513727843761,1.58737921715,0.992835402489,0.582771599293,0.742872357368,-0.338283747435,-0.323159128428,-0.212948739529,0.792418599129,-1.49394357204,-1.19813799858,0.166871413589,0.190393507481,-0.683672308922,-0.116436801851
-2.08582448959,0.135611817241,0.882382035255,0.998661994934,0.0318581685424,-0.034838706255,-0.0211071576923,-0.170857042074,0.741088211536,0.836286306381,0.914192020893,0.110945545137,-0.00394528964534,-0.455686450005,-0.660250902176,-0.323222398758,0.990406811237,0.347363293171,-0.116083525121,0.0815492346883,-0.143447190523,0.557727575302,1.71847391129,0.858581125736,0.637979626656,0.42752802372,-0.455157965422,-0.4110070467,0.0427873544395,0.453919142485,-1.39757204056,-0.917001366615,0.0768609344959,0.112774349749,-0.714696824551,0.13892903924
-2.07853984833,0.0996941924095,0.897941946983,0.998001456261,0.00823833793402,-0.0598435103893,-0.0185441877693,0.255584537983,0.725757241249,1.2414637804,1.0022611618,-0.327243834734,0.111099459231,-0.244712784886,-0.71730530262,-0.603003323078,0.914522171021,0.378922075033,-0.286943644285,0.0358175821602,-0.176582425833,0.543081402779,1.69672036171,0.980780124664,0.640455245972,0.709161639214,-0.399447739124,-0.329239815474,-0.14020678401,0.564758062363,-1.47701227665,-0.889521539211,0.282428532839,0.0769625753164,-0.715335607529,-0.00947347655892
-1.36526036263,0.0105461189523,0.819889128208,0.999876976013,-0.0125497579575,-0.00848346110433,0.00407383823767,-0.241337403655,0.633740365505,0.921390533447,0.788748621941,-0.0544089786708,0.087517388165,-0.197192281485,-0.237436562777,-0.162780642509,0.297737002373,0.201719686389,0.190705269575,0.127293586731,-0.0596452355385,0.560748696327,1.51536047459,0.851991772652,0.32076716423,0.25668784976,-0.392117589712,-0.601644992828,-0.0293566584587,0.24877025187,-1.45416045189,-0.377413481474,-0.117950864136,-0.0373880714178,-0.434106916189,-0.195708021522
-1.84063446522,0.128623098135,0.832474708557,0.995721876621,-0.0153085729107,-0.0691379457712,-0.059359177947,0.282286763191,0.634374558926,1.29644286633,0.883556008339,-0.0120458630845,0.159938722849,-0.418775469065,-0.425861775875,-0.259019106627,0.960268318653,0.125167280436,-0.0590019114316,0.0265173278749,-0.137161880732,0.514175057411,1.685110569,0.846770584583,0.396384745836,0.681242644787,-0.519134700298,-0.409634113312,0.248896360397,0.080654732883,-1.34428501129,-0.443191826344,0.555683910847,-0.116412103176,-0.703222155571,0.408233821392
-1.97747945786,0.133244544268,0.871233642101,0.999363958836,0.0285922549665,-0.0209456589073,-0.00393482623622,0.0242927372456,0.66834628582,1.15816378593,0.869929969311,0.141779124737,0.0653084218502,-0.452198892832,-0.602480053902,-0.224220946431,0.860863208771,0.52412301302,0.0233419574797,0.0772565603256,-0.117241002619,0.489945530891,1.88663160801,0.909278512001,0.743244409561,0.520867586136,-0.346873909235,-0.379160791636,0.052898645401,0.375689923763,-1.53021860123,-0.817182064056,0.283551931381,-0.0224899593741,-0.626571536064,-0.0290011372417
-1.98190057278,0.128721624613,0.884109735489,0.999639332294,-0.0237162336707,-0.0126018859446,-2.08139517781e-05,-0.0763536542654,0.8146468997,0.983356237411,0.684333086014,0.0241951216012,0.0878004357219,-0.110389724374,-0.455550432205,-0.560534119606,0.472494781017,0.553898572922,0.055790156126,0.0299985408783,-0.0917944982648,0.410845935345,1.86559462547,0.90715700388,0.734973430634,0.684797525406,-0.439881145954,-0.363235503435,-0.161590352654,0.998855650425,-1.53651785851,-1.19270336628,0.487628370523,0.00297664804384,-0.66779500246,0.070000320673
-2.3484108448,0.00267164409161,1.00849413872,0.997311890125,-0.0239913985133,-0.0069544846192,-0.0688841119409,0.0838168561459,0.837649047375,1.33523452282,0.913175284863,-0.542974233627,0.00458280416206,-0.238647311926,-0.603362560272,-0.781140685081,0.627160787582,0.715584397316,0.151241928339,0.0320291817188,-0.152211278677,0.487442404032,1.75497877598,0.756235301495,0.560957252979,0.81724768877,-0.344213813543,-0.30475923419,-0.179400786757,-0.957343876362,-1.80439138412,0.309695571661,0.673233509064,-0.15873979032,-0.485240310431,-0.0180834326893
-2.07585000992,0.156565085053,0.928821206093,0.997561693192,-0.0211107935756,0.0312817282975,-0.058706279844,-0.0784700065851,0.754236876965,0.885688066483,0.503424406052,0.39631024003,-0.0995327085257,-0.267268568277,-0.41726103425,-0.427307128906,0.38931825757,0.708431601524,0.189635843039,0.15468031168,-0.021834012121,0.366806387901,1.8390109539,0.753414869308,0.65313744545,0.303154051304,-0.39662566781,-0.464466482401,-0.133177980781,1.04346930981,-1.64118599892,-1.11463832855,-0.161221012473,0.0816402956843,-0.571164727211,-0.0313941426575
-2.22532439232,0.133997678757,0.817392408848,0.998304903507,-0.0458706840873,0.0341995954514,-0.010658569634,-0.422999620438,0.675913155079,1.0184943676,0.611977756023,0.00857696589082,0.0968477651477,-0.352530092001,-0.18199492991,-0.20407757163,0.25391921401,0.159256771207,0.220166221261,-0.0168066769838,-0.237075835466,0.574863612652,1.3592993021,0.718211591244,-0.0036212450359,0.597009181976,-0.535798668861,-0.633325636387,0.419133603573,0.168306186795,-1.34471011162,-0.455412596464,-0.180321156979,-0.0224107243121,-0.526605367661,-0.0620331130922
-2.09876227379,0.147677615285,0.903547108173,0.999089419842,-0.0218636877835,0.00544316321611,-0.0362303182483,-0.087558567524,0.805090427399,0.873364508152,0.58189034462,0.372726231813,-0.0655374228954,-0.248689979315,-0.31741014123,-0.253028541803,0.354490458965,0.537312805653,0.256864696741,0.130488455296,-0.0253497846425,0.426182299852,1.7619035244,0.849900662899,0.687852740288,0.33510941267,-0.297022521496,-0.424167752266,-0.122485019267,0.81774276495,-1.40638816357,-0.969392061234,-0.237295269966,0.0172611027956,-0.665300965309,0.237460568547
-2.27366399765,0.025406897068,1.01667487621,0.997766017914,-0.0177449751645,-0.00812092609704,-0.0638917759061,0.0859522745013,0.81124329567,1.36213588715,0.891235589981,-0.552573382854,0.0283707268536,-0.223140791059,-0.650335788727,-0.838116288185,0.689544677734,0.667409777641,0.108023926616,0.0544496588409,-0.141300350428,0.499816089869,1.7362600565,0.805161952972,0.59541118145,0.821816682816,-0.349483847618,-0.308542430401,-0.170662671328,-0.529059648514,-1.75154232979,0.0175523366779,0.665196478367,-0.127323850989,-0.481987655163,0.00685813091695
-1.7415856123,0.108477979898,0.786709725857,0.99670445919,-0.0218627676368,-0.0538582801819,-0.0565812289715,0.370345950127,0.546740710735,1.62413215637,0.754028499126,-0.0978581979871,0.157218083739,-0.343727827072,-0.366008520126,-0.233052313328,0.816293239594,0.0706757381558,0.123039446771,0.079084508121,-0.112426392734,0.489676177502,1.84716892242,0.757580399513,0.469599962234,0.556679964066,-0.304358720779,-0.444364696741,0.333805173635,0.382400989532,-1.44741594791,-0.707765221596,0.0219885725528,-0.0183173716068,-0.828985989094,0.1484452039
-2.2950553894,0.0218804441392,0.984652996063,0.997199714184,-0.0276656709611,-0.00707512861118,-0.0691176503897,0.0801840424538,0.839852809906,1.36754453182,0.875210881233,-0.528967440128,0.0305313281715,-0.259256750345,-0.606467664242,-0.729341924191,0.655829071999,0.651027977467,0.153184175491,0.042292483151,-0.147749722004,0.490768074989,1.71307003498,0.777592301369,0.542903900146,0.858008742332,-0.359305560589,-0.297944903374,-0.133738920093,-0.384615272284,-1.69737315178,-0.14914637804,0.68249297142,-0.139763921499,-0.486090511084,0.0281410049647
-2.26675271988,0.0318116061389,0.993935823441,0.997234225273,-0.0256092511117,-0.00744988955557,-0.0693730860949,0.106947116554,0.819250226021,1.40053761005,0.866391897202,-0.512754499912,0.0199806392193,-0.241453811526,-0.58558601141,-0.742638885975,0.616550385952,0.693275392056,0.170277118683,0.0386916734278,-0.145450353622,0.484307318926,1.74055242538,0.765110254288,0.570954620838,0.833438038826,-0.340709120035,-0.295443743467,-0.151484102011,-0.653968155384,-1.76166188717,0.0721315890551,0.698859751225,-0.143607929349,-0.483355969191,0.00774339586496
-2.15857744217,0.103357732296,0.865604639053,0.999216973782,-0.0184274520725,0.0242041964084,0.0253019928932,-0.160787120461,0.567744135857,1.34565734863,0.520477294922,0.0974212661386,0.0868180319667,-0.249472588301,-0.274297297001,-0.360285013914,0.23446084559,0.349952042103,0.210426479578,-0.0377580486238,-0.19385920465,0.53066945076,1.57067596912,0.736814081669,0.364947974682,0.63756108284,-0.62472063303,-0.665039300919,-0.0951033011079,0.727124929428,-1.44454014301,-1.06976342201,0.170945331454,0.0295910015702,-0.638323783875,-0.236514315009
-2.14587974548,0.0859788060188,1.00935328007,0.998255372047,-0.0466121733189,0.0204998943955,-0.0298879053444,-0.101183712482,0.837685763836,1.36938893795,0.8264747262,-0.377118140459,-0.0300415698439,-0.114678569138,-0.51034963131,-1.12383377552,0.595798552036,0.474058002234,0.0231420695782,-0.0175759065896,-0.165351808071,0.553916692734,1.42604088783,0.666465938091,0.190738275647,0.802399516106,-0.524920463562,-0.318510293961,-0.293001919985,-0.632155358791,-1.91806256771,-0.0654602497816,0.60854101181,0.0569861643016,-0.56469810009,-0.117512896657
-2.0911962986,0.154120013118,0.93734061718,0.996910870075,-0.0230260379612,0.0412288755178,-0.0627587810159,0.00969273317605,0.75120306015,1.03057789803,0.482858330011,0.301108628511,-0.0757830291986,-0.226528391242,-0.487529307604,-0.679575443268,0.473517209291,0.680586516857,0.161808177829,0.143796861172,-0.0234738495201,0.346866250038,1.90591943264,0.666742563248,0.625840604305,0.25433281064,-0.435646027327,-0.469736605883,-0.108607716858,2.3805398941,2.84875607491,-1.41219139099,0.083201482892,0.134179055691,-0.546426355839,-0.0394683666527
-2.32896399498,0.0128954593092,1.00110936165,0.997655749321,-0.0259013976902,-0.00590968551114,-0.0630646273494,0.0902629196644,0.82057505846,1.36617541313,0.872820019722,-0.536680102348,0.015886342153,-0.265645325184,-0.604216456413,-0.722616493702,0.651250064373,0.714223384857,0.160459890962,0.0302023179829,-0.149945676327,0.487833529711,1.72342944145,0.768390893936,0.526217937469,0.838019788265,-0.365148991346,-0.303637415171,-0.139223664999,-0.60809636116,-1.75848996639,-0.000343014718965,0.678194701672,-0.139915391803,-0.478084206581,0.00659106392413
-2.0730471611,0.15995503962,0.933884739876,0.996568202972,-0.0165851563215,0.0441463850439,-0.0680286064744,-0.0646145790815,0.744518697262,0.922179698944,0.480537652969,0.373786747456,-0.125971361995,-0.290775626898,-0.50782418251,-0.617653250694,0.524052262306,0.665962398052,0.139151766896,0.17379283905,-0.0207506194711,0.363241910934,1.8239222765,0.712950825691,0.623326838017,0.256413161755,-0.4605294168,-0.481414437294,-0.0489537082613,1.10117530823,-1.72000992298,-0.701711475849,-0.0484060719609,0.158999100327,-0.512435615063,-0.00646832119673
-2.16597652435,0.0959208756685,0.990788698196,0.998599886894,-0.021212797612,0.00247724051587,-0.048395793885,-0.00347915594466,0.773397445679,1.39068937302,0.887355983257,-0.417826712132,-0.0814270600677,-0.23477460444,-0.55443072319,-0.80943107605,0.563587009907,0.668142855167,0.18066971004,-0.0604982450604,-0.215426489711,0.510445773602,1.54800677299,0.600354135036,0.170367538929,0.723621845245,-0.493301838636,-0.335672110319,-0.317063033581,-1.84546804428,-1.84186899662,1.08801758289,0.567479491234,0.0288719516248,-0.57124209404,-0.121755793691
-2.1641626358,0.117488332093,0.894031643867,0.999544978142,-0.0148418592289,0.0109585821629,0.0238615367562,-0.186653316021,0.5676907897,1.1144605875,0.55582267046,0.0730395242572,0.0240691117942,-0.24199141562,-0.313176780939,-0.386614412069,0.331142157316,0.317464768887,0.169011101127,-0.0508038029075,-0.196361601353,0.531252145767,1.61053025723,0.750454246998,0.423300504684,0.597175002098,-0.663636803627,-0.628328502178,-0.169421464205,0.922742486,-1.52162075043,-1.2915854454,0.236725285649,0.0746724754572,-0.595773041248,-0.241154432297
-2.1124818325,0.155810177326,0.908508658409,0.999853312969,0.0164534356445,0.000741132185794,0.00469992822036,-0.0615804195404,0.590000510216,1.1711012125,0.574175417423,0.213329449296,-0.0196751691401,-0.261158585548,-0.565454781055,-0.426098138094,0.505970358849,0.616177737713,0.19306063652,0.116223692894,-0.0524201020598,0.373326867819,2.02155447006,0.893543362617,0.734253108501,0.588889241219,-0.244953021407,-0.351684808731,-0.057285156101,0.991639792919,-1.43491232395,-1.21639966965,0.535057544708,0.0585618391633,-0.505494236946,0.129139199853
-2.22943091393,0.0403246209025,1.01469945908,0.997604191303,-0.0253421887755,-0.00664552347735,-0.0640271529555,0.105800323188,0.815527677536,1.38366782665,0.87743294239,-0.528214275837,-0.00865184701979,-0.256084084511,-0.565163433552,-0.699594497681,0.584307312965,0.718740105629,0.197427481413,0.0208792109042,-0.146194905043,0.474249362946,1.75155818462,0.756703674793,0.568383216858,0.827187418938,-0.339611113071,-0.302600294352,-0.144979000092,-0.927377581596,-1.8128374815,0.221862226725,0.685446977615,-0.166055619717,-0.467053353786,-0.0116399563849
-2.07679009438,0.144808426499,0.844043970108,0.997214913368,-0.0316929332912,-0.0420657284558,-0.052806366235,-0.101394481957,0.724631905556,0.808804154396,0.675121843815,0.0877660661936,-0.0155312083662,-0.208542793989,-0.381240367889,-0.371773660183,0.651723861694,0.156219691038,0.100732840598,0.135500758886,-0.0234301760793,0.473716139793,1.75077211857,0.817919433117,0.550828158855,0.531877875328,-0.365052640438,-0.475290745497,0.159391820431,0.438390433788,-1.29267525673,-0.441978096962,-0.267518699169,0.0691815316677,-0.673621356487,0.483703523874
-2.05561709404,0.135492324829,0.880752623081,0.99993377924,0.00316274375655,0.0105295693502,0.00339190592058,-0.0794104114175,0.67309653759,1.29898357391,0.690998017788,0.142875730991,0.0829434990883,-0.226183399558,-0.511708438396,-0.459395468235,0.453669250011,0.542505681515,0.192724466324,0.0604708269238,-0.0504985973239,0.356221616268,2.11151599884,0.781791567802,0.652772128582,0.566443502903,-0.161260381341,-0.337599396706,-0.0670482963324,2.09281849861,-1.48471176624,-2.47181820869,0.730782032013,-0.0191803406924,-0.468241721392,0.0487206466496
-2.33241224289,0.0139792431146,0.982035338879,0.997284710407,-0.0209610797465,-0.00648220349103,-0.0702980831265,0.0313219092786,0.840691268444,1.28275179863,0.927890241146,-0.550713598728,0.0516972839832,-0.279318839312,-0.618699729443,-0.682541549206,0.672799706459,0.626373052597,0.109166122973,0.0860712304711,-0.144136548042,0.519847631454,1.62990295887,0.817674994469,0.496410310268,0.873952746391,-0.417522013187,-0.305816531181,-0.157693356276,-0.366048783064,-1.69497728348,-0.23244394362,0.567857086658,-0.074020087719,-0.510032892227,0.0351101793349
-2.78702044487,0.16980548203,0.946209907532,0.995069980621,-0.0181907322258,0.0492643788457,0.0841302424669,-0.322621166706,0.571318328381,1.21336889267,0.433661520481,0.140444040298,0.121417656541,-0.138722389936,-0.26004961133,-0.426257491112,-0.00749980425462,0.594051122665,0.302500575781,0.0323017388582,-0.161060258746,0.558464407921,1.54220819473,0.760236978531,0.377884954214,0.53023648262,-0.65453183651,-0.691076397896,-0.0959718897939,0.78058296442,-1.55582630634,-1.01534211636,-0.0284467637539,-0.178273826838,-0.570980072021,-0.303036600351
-2.3388671875,0.0132271507755,0.974940419197,0.997591018677,-0.0243703089654,-0.00467105116695,-0.0647795274854,0.0280864294618,0.855243623257,1.287586689,0.915540575981,-0.570432305336,0.0314353480935,-0.291081130505,-0.637288630009,-0.702212095261,0.705006897449,0.621582627296,0.141470015049,0.033349905163,-0.162115648389,0.495682001114,1.6784209013,0.777914464474,0.481395334005,0.855249285698,-0.386905789375,-0.306058347225,-0.147482410073,-0.551902890205,-1.7202244997,-0.112813510001,0.629464030266,-0.12222455442,-0.478854268789,0.0127655118704
-2.33663487434,0.00875761266798,1.01681935787,0.997824668884,-0.0185093022883,-0.00833390187472,-0.062720194459,0.105071097612,0.795108437538,1.38621342182,0.871052980423,-0.567960143089,0.0206878464669,-0.228860989213,-0.653326809406,-0.819679617882,0.697633445263,0.655178546906,0.112423092127,0.0454064868391,-0.149513587356,0.499039083719,1.72676634789,0.791176557541,0.557330906391,0.828974545002,-0.35914298892,-0.293527364731,-0.161630570889,-0.541287541389,-1.7551305294,0.0258042756468,0.683634161949,-0.133948430419,-0.495666980743,-0.00643939524889
-1.66643631458,0.114252492785,0.84737098217,0.998452246189,-0.0115937553346,-0.0353681445122,-0.0413254834712,0.231473982334,0.45931905508,1.61914741993,0.542305231094,0.0978304818273,0.074457116425,-0.144440993667,-0.343022793531,-0.448335140944,0.310836553574,0.122171089053,0.0985708683729,0.0322415679693,-0.173129439354,0.443631023169,1.91610479355,0.847536206245,0.558084249496,0.556201279163,-0.528325080872,-0.412572026253,0.0996876657009,0.356349259615,-1.42125487328,-0.581691384315,0.277167499065,-0.115904890001,-0.719456672668,0.0839835256338
-1.63313829899,0.114497937262,0.833928227425,0.997954845428,-0.00840070191771,-0.0487555712461,-0.0404764041305,0.22601339221,0.533779621124,1.55620896816,0.614337563515,0.0741941183805,0.10715739429,-0.196965172887,-0.35110783577,-0.404924064875,0.413447409868,0.138457834721,0.0926104262471,0.0119144301862,-0.190751045942,0.456015229225,1.90935790539,0.843193590641,0.513655424118,0.581736326218,-0.550012648106,-0.459189385176,0.167679041624,0.255075186491,-1.38334572315,-0.532963991165,0.249912932515,-0.0686902701855,-0.725900709629,0.136919230223
-2.13574337959,0.140664517879,0.897683560848,0.997195959091,-0.0535351410508,0.0124701661989,-0.0507805906236,-0.128693699837,0.671375989914,0.976562142372,0.591908931732,-0.181143477559,0.0892164856195,-0.219109222293,-0.520684123039,-0.748583495617,0.707923948765,0.329652160406,-0.0442457087338,0.24082864821,0.077639721334,0.443538695574,1.45163977146,1.00451731682,0.381294041872,0.987665474415,-0.336542010307,-0.202637434006,-0.128974154592,0.27659702301,-1.289260149,-0.569082379341,-0.0652318969369,-0.102508462965,-0.51166677475,0.00645201094449
-2.1045165062,0.106881655753,0.841267764568,0.998152017593,-0.0596688687801,0.00657416507602,0.00942562334239,0.0330683849752,0.590809345245,1.57743322849,0.474941819906,0.0133501579985,0.0736923664808,-0.145357459784,-0.182734236121,-0.431386381388,0.150192052126,0.593076229095,0.258881688118,0.0237140506506,-0.0969850346446,0.4924518466,1.56376898289,0.771841704845,0.214121252298,0.692081809044,-0.621987104416,-0.640676140785,-0.0386426784098,0.760394632816,-1.46755111217,-1.0518809557,0.235239565372,-0.0849715918303,-0.618050098419,-0.41556468606
-2.29499697685,0.0237791147083,1.02155530453,0.997034311295,-0.0230515487492,-0.00939932651818,-0.0728202983737,0.0998289212584,0.803802609444,1.36028206348,0.873067855835,-0.555773615837,0.000466412806418,-0.219542562962,-0.620783269405,-0.847685933113,0.646170496941,0.645823061466,0.108712606132,0.0711544156075,-0.126660972834,0.486530214548,1.76813483238,0.796891689301,0.587577283382,0.797905862331,-0.302771240473,-0.277885705233,-0.141773864627,-0.599617600441,-1.73367476463,0.0597225613892,0.668672919273,-0.127296388149,-0.453524827957,-0.00158882956021
-1.67868173122,0.120245471597,0.797348022461,0.992989242077,-0.0560124516487,-0.0440315492451,-0.0943199694157,-0.116382911801,0.719489991665,0.856908738613,0.58908188343,0.0608616359532,-0.133506447077,-0.299816161394,-0.190681606531,-0.261152893305,0.57890444994,-0.0192773956805,0.0968719795346,0.155620276928,-0.024516697973,0.485452353954,1.77249896526,0.865921854973,0.30138656497,0.581866562366,-0.434826284647,-0.516067624092,0.424421221018,0.0270735081285,-1.42149448395,-0.428185254335,-0.168645441532,0.0421320796013,-0.664378702641,-0.0861781090498
-1.71325945854,0.113833419979,0.807993113995,0.996767938137,-0.0432636700571,-0.0394539609551,-0.0550029836595,0.217326059937,0.528424739838,1.55611467361,0.600301861763,0.12359508872,-0.0284392815083,-0.232184350491,-0.285347312689,-0.442979246378,0.417640805244,0.369469136,0.0692351683974,-0.0575049482286,-0.17658546567,0.388382226229,1.99484860897,0.83886218071,0.330003142357,0.698431611061,-0.413867622614,-0.428059995174,0.0608039498329,-1.44199311733,-1.46186077595,0.85230743885,0.306978464127,-0.0639386102557,-0.713392436504,-0.504558503628
-2.39706587791,-0.00864636339247,0.964688658714,0.996828973293,-0.02802166529,-0.00899299699813,-0.0739320516586,0.0468710698187,0.84173810482,1.3336186409,0.883983552456,-0.566325306892,0.0296613331884,-0.26606553793,-0.619790613651,-0.724671959877,0.680141150951,0.617629170418,0.137075170875,0.0583462826908,-0.136485025287,0.49074229598,1.73220777512,0.807751119137,0.511224508286,0.878010571003,-0.351005405188,-0.285962373018,-0.107154496014,-0.318475425243,-1.62950670719,-0.220220133662,0.646438360214,-0.126972943544,-0.478061497211,0.0293066259474
-2.42565155029,-0.00887448899448,0.927870929241,0.999363124371,-0.020863994956,-0.00528816552833,-0.0284624248743,-0.197540983558,0.838492035866,1.04846942425,0.978642225266,-0.572497189045,0.121797479689,-0.398801445961,-0.751684486866,-0.662725031376,0.965124726295,0.469426095486,0.00497247697785,0.119254685938,-0.0890827775002,0.537261724472,1.30177628994,0.947558641434,0.0982817485929,1.00095260143,-0.584200739861,-0.270254194736,0.00343631091528,-0.20131033659,-1.40882635117,-0.235731944442,0.356374263763,-0.0529272221029,-0.496492385864,-0.0292186718434
-2.05251860619,0.132874071598,0.829240381718,0.998267591,-0.0585540160537,0.00345562770963,-0.00461922446266,0.104744106531,0.543690621853,1.58615970612,0.463861316442,-0.0032344807405,0.0212195515633,-0.149218782783,-0.187176004052,-0.42687651515,0.190205827355,0.573325455189,0.229984298348,0.009591746144,-0.0996611788869,0.474360764027,1.5940785408,0.760501921177,0.270491600037,0.688710451126,-0.621281266212,-0.607524514198,-0.0274784341455,0.814121425152,-1.47396624088,-1.18209183216,0.368012189865,-0.0331469364464,-0.63577902317,-0.387423217297
-2.25896573067,0.0869801342487,0.814429879189,0.998628377914,0.000288181239739,0.0401834435761,-0.0335646793246,-0.408236950636,0.712972462177,0.674519002438,1.08473491669,-0.458984136581,0.0917908474803,-0.357603371143,-0.741043388844,-0.71844881773,1.04452931881,0.0459635518491,-0.0564807765186,0.262617737055,0.0223991796374,0.512432813644,1.00544404984,1.10511040688,-0.0581634640694,0.946554064751,-0.648241639137,-0.250415384769,0.268212407827,0.40753492713,-1.30769717693,-0.412879109383,-0.24365156889,-0.210796847939,-0.460659772158,-0.118042208254
-1.55373346806,0.107156291604,0.851249277592,0.997977256775,-0.0162788964808,-0.0304228756577,-0.053393278271,0.10087198019,0.551770329475,1.417501688,0.482298463583,0.205438762903,-0.034047730267,-0.174361407757,-0.328231185675,-0.485098987818,0.329866498709,0.272934734821,0.081407263875,0.0128431944177,-0.159279540181,0.389477431774,2.04833245277,0.879378497601,0.546893596649,0.532217264175,-0.525679886341,-0.443145930767,0.0741005912423,-0.00486054737121,-1.49435710907,-0.281316101551,0.159027829766,-0.0596632286906,-0.712157607079,-0.231366366148
-1.49401366711,0.0957053303719,0.843464791775,0.999898135662,-0.00196366151795,-0.002960518701,-0.0138221010566,0.0748891830444,0.595235705376,1.4372086525,0.672700226307,0.21507628262,0.0570034384727,-0.254228025675,-0.434208571911,-0.566372871399,0.452095776796,0.387825548649,0.0936474278569,-0.134486958385,-0.18933442235,0.352501004934,2.06899881363,0.867791950703,0.466726273298,0.510934770107,-0.421993613243,-0.383008897305,-0.0552533939481,-2.74618387222,-1.55122709274,1.95831108093,0.656102955341,0.0978679284453,-0.655049562454,-0.209363713861
-2.13996386528,0.106873109937,0.800222098827,0.997818946838,-0.0019431784749,0.0239971019328,-0.0614638067782,-0.3400811553,0.727111637592,0.503353536129,1.08779573441,-0.36522513628,0.0456179529428,-0.583369672298,-0.516115009785,-0.292775809765,1.05728721619,0.0786193683743,0.0643480494618,0.153947800398,-0.0168361980468,0.541886270046,1.3755710125,0.897235155106,0.26375246048,0.73854547739,-0.471873641014,-0.414328247309,0.349966496229,0.307417094707,-1.28047299385,-0.441484063864,-0.354571700096,-0.0638240799308,-0.623609185219,0.171518698335
-2.3142952919,0.0133156254888,0.982581794262,0.997160851955,-0.0231981407851,-0.00663517974317,-0.0713300853968,0.0696026161313,0.842315614223,1.33349192142,0.914884328842,-0.582625329494,0.0380016937852,-0.283519357443,-0.64050412178,-0.731039762497,0.705102562904,0.669513523579,0.128533452749,0.0439730137587,-0.155576020479,0.496370047331,1.72132396698,0.791033864021,0.524268507957,0.856561779976,-0.387957781553,-0.284296661615,-0.125502184033,-0.388779371977,-1.65584695339,-0.172483310103,0.651102304459,-0.118656821549,-0.490909874439,0.029581328854
-2.09246587753,0.136442691088,0.872130692005,0.998765408993,-0.035380166024,0.0327157974243,0.0120657198131,-0.251213103533,0.543238341808,1.21525704861,0.321931779385,0.218188196421,-0.0317817144096,-0.280338585377,-0.194068551064,-0.300393074751,0.144846454263,0.408450990915,0.240020498633,0.00397525168955,-0.17952542007,0.52527153492,1.5460665226,0.781812429428,0.235588148236,0.558818817139,-0.620445132256,-0.705923080444,0.0982561558485,0.571495950222,-1.35338199139,-0.807476460934,-0.173241138458,-0.118694603443,-0.603002905846,-0.228527873755
-2.30888485909,0.0100550586358,0.980888009071,0.997271895409,-0.0260561015457,-0.00400298694149,-0.0689480826259,0.0468369647861,0.866559505463,1.32745063305,0.957440853119,-0.564472615719,0.0361336357892,-0.265653729439,-0.607726156712,-0.739671349525,0.663077831268,0.693900585175,0.1530739218,0.000363631144864,-0.178028896451,0.493838757277,1.72781586647,0.734614849091,0.448273897171,0.816566467285,-0.382365226746,-0.289393901825,-0.162332549691,-0.830972492695,-1.70739579201,0.133225798607,0.638756453991,-0.118168473244,-0.50832015276,-0.0189062021673
-2.31620001793,0.0104548959062,0.971855938435,0.997294068336,-0.0264223832637,-0.00541365193203,-0.0683897510171,0.0325157567859,0.858066618443,1.31186580658,0.914772450924,-0.569856882095,0.0433501116931,-0.286437779665,-0.629982292652,-0.71065735817,0.706429600716,0.638583779335,0.128165841103,0.0391149297357,-0.15589171648,0.505889117718,1.67422366142,0.796001195908,0.469488799572,0.860241174698,-0.402452796698,-0.292301863432,-0.121048822999,-0.346081137657,-1.63118255138,-0.238509222865,0.623048961163,-0.110886156559,-0.487702041864,0.0266353487968
-2.27457404137,0.0211642477661,0.979316234589,0.997586011887,-0.0260201990604,-0.00437246169895,-0.0642340779305,0.00566668296233,0.870582640171,1.26713371277,0.934965372086,-0.578062415123,0.0545599833131,-0.290205657482,-0.653613269329,-0.732080757618,0.739617049694,0.608143806458,0.102401576936,0.0481984019279,-0.158702105284,0.518766462803,1.62812542915,0.814249873161,0.4504365623,0.860424458981,-0.422367334366,-0.296385496855,-0.116509407759,-0.269847601652,-1.61118030548,-0.292987823486,0.585936188698,-0.106166854501,-0.489519894123,0.0287871770561
-2.17459797859,0.073891684413,0.951953589916,0.996895313263,-0.0679871141911,0.0345260947943,-0.0196339003742,-0.481422811747,0.834607005119,0.788542687893,0.695531487465,-0.323198050261,0.00996222626418,-0.521327912807,-0.503998219967,-0.534454345703,0.709659636021,0.382204383612,0.0606400519609,0.150345504284,0.0620303638279,0.541106820107,1.11210381985,1.03172636032,-0.017347201705,0.976388454437,-0.577268302441,-0.220311641693,0.146238967776,-0.0726048946381,-1.3051943779,-0.28493693471,0.157954961061,-0.103967048228,-0.461012899876,0.0331121347845
-2.25629138947,0.0190982110798,1.00153398514,0.997092485428,-0.0250501967967,-0.00699057150632,-0.0716250091791,0.0547616295516,0.864919364452,1.29191160202,0.935577571392,-0.580305159092,0.0338741205633,-0.255941450596,-0.632679343224,-0.775862812996,0.678937554359,0.65600758791,0.123381599784,0.0514349490404,-0.148504957557,0.500910162926,1.72172939777,0.803850352764,0.571981430054,0.838841199875,-0.381699562073,-0.298144966364,-0.131713151932,-0.442952811718,-1.67593359947,-0.118634350598,0.63991612196,-0.139851421118,-0.479452311993,0.0271576978266
-1.97692799568,0.103478342295,0.793494641781,0.999274730682,0.0095484489575,0.0368009023368,0.00213979440741,-0.124813072383,0.603625893593,1.44050502777,0.686672925949,0.0671946555376,0.193834424019,-0.273701041937,-0.34112739563,-0.373817682266,0.255972474813,0.0810326188803,0.218551918864,-0.0726373642683,-0.397197961807,0.539941072464,1.53939151764,0.763108491898,0.0540270991623,0.483695209026,-0.728686869144,-0.648843169212,0.38465410471,0.48907622695,-1.41018927097,-0.931834459305,0.277711123228,-0.04360390082,-0.776466310024,-0.0534274540842
-2.33067369461,-0.00200172513723,0.984622120857,0.997051477432,-0.0262370575219,-0.00615848787129,-0.0718468949199,0.0463756769896,0.858170807362,1.31245732307,0.92080450058,-0.563870310783,0.0345645137131,-0.27429574728,-0.628513336182,-0.730318188667,0.686817228794,0.66475045681,0.131152868271,0.0459972321987,-0.148749500513,0.499099463224,1.69815850258,0.802167356014,0.493420064449,0.867478072643,-0.397949904203,-0.295451432467,-0.117719247937,-0.384754866362,-1.63700032234,-0.18687735498,0.63167989254,-0.135140106082,-0.490636467934,0.0252790879458
-2.25240778923,0.0212619714439,1.0068295002,0.997641503811,-0.0253964718431,-0.00288672349416,-0.0637031123042,0.0424288511276,0.852811694145,1.30669629574,0.929726302624,-0.569960474968,0.0295074637979,-0.264586299658,-0.622567355633,-0.759948611259,0.664897322655,0.682373225689,0.127371490002,0.0200482532382,-0.170090466738,0.504432976246,1.67276751995,0.758238792419,0.454753398895,0.831005454063,-0.399578422308,-0.288340061903,-0.141541332006,-0.599060475826,-1.70192217827,-0.0440106093884,0.638049542904,-0.125930473208,-0.485455900431,-0.00181400065776
-1.95569372177,0.149839550257,0.898006677628,0.99512475729,-0.013799386099,0.0506335236132,-0.0835017934442,-0.282648712397,0.818108677864,0.655199587345,0.679791629314,0.372970700264,-0.0640387162566,-0.366278886795,-0.534640192986,-0.607245326042,0.619985759258,0.542930006981,0.0247703995556,0.228666126728,-0.0149215376005,0.431014180183,1.67019045353,0.794643461704,0.606625199318,0.318181544542,-0.478894770145,-0.490156114101,0.105378970504,0.0470149107277,-1.58179569244,-0.507225215435,-0.31444132328,0.0853833854198,-0.464624166489,-0.0289005246013
-2.06033039093,0.150852844119,0.947407484055,0.996728599072,0.0411387868226,0.0662164390087,-0.0213309079409,-0.274159252644,0.614499568939,1.06882929802,0.69565141201,0.0502882488072,-0.179172158241,-0.511876106262,-0.729011952877,-0.614273309708,0.708325684071,0.723244190216,-0.0926884636283,0.0912133455276,-0.192701712251,0.387890726328,1.61090219021,0.921724796295,0.359382688999,0.71353828907,-0.424244523048,-0.32638245821,-0.260011970997,-1.62077367306,-1.99704790115,0.787146866322,0.542284071445,0.0551524683833,-0.459142506123,-0.159880146384
-1.99195241928,0.118582032621,0.899094939232,0.99618691206,-0.0501324832439,-0.057696800679,-0.0420662760735,-0.295152783394,0.797041893005,0.3988083601,0.806565105915,0.201846405864,-0.0354963093996,-0.266879707575,-0.391509085894,-0.408772945404,0.704036176205,0.412539243698,-0.0701034069061,0.105467781425,-0.0396930798888,0.513360440731,1.85552692413,0.893064439297,0.7995647192,0.781192481518,-0.235196277499,-0.362254202366,0.0343080125749,0.550884246826,-1.43726348877,-0.953133225441,0.0510467477143,0.0260571874678,-0.738612353802,0.0104849608615
-1.98825657368,0.106416597962,0.802745103836,0.99952185154,0.00923418533057,0.0278028845787,0.00989100616425,-0.0928788781166,0.562333762646,1.52848136425,0.64158397913,0.10315490514,0.198229923844,-0.199492231011,-0.364317476749,-0.378850907087,0.188996225595,0.10252982378,0.269253998995,-0.0553657524288,-0.327818721533,0.541960597038,1.63594508171,0.718210935593,0.152844980359,0.424003690481,-0.652755200863,-0.642838120461,0.307508230209,0.572157382965,-1.413210392,-0.844617784023,0.0336933545768,-0.0251256451011,-0.693295538425,-0.176469221711
-2.27044320107,0.0152847385034,0.991001605988,0.997335374355,-0.0262410119176,-0.0052155777812,-0.0678697675467,0.0365412905812,0.870224416256,1.30433368683,0.949427604675,-0.572144985199,0.0440693609416,-0.2701818645,-0.628100454807,-0.745414376259,0.680811583996,0.650327801704,0.132648289204,0.0257481560111,-0.16858009994,0.507770061493,1.69655191898,0.768870711327,0.461016267538,0.850503981113,-0.39239436388,-0.289178580046,-0.129088371992,-0.517512738705,-1.67661595345,-0.0886226817966,0.642924964428,-0.127539053559,-0.490436732769,0.0100413933396
-2.18450307846,0.0440582558513,0.984625041485,0.997915446758,-0.0279004052281,-7.31237087166e-05,-0.0581925027072,-0.0161221232265,0.864814281464,1.32035017014,0.961371779442,-0.467243522406,-0.0167771428823,-0.254818886518,-0.554814755917,-0.758290112019,0.599586188793,0.649828791618,0.190572798252,-0.0780735835433,-0.240781441331,0.504032373428,1.61925947666,0.567983567715,0.202197179198,0.755395650864,-0.476011872292,-0.30929094553,-0.263420641422,-1.67769038677,-1.74133622646,0.833251416683,0.623373448849,-0.0401435233653,-0.551638484001,-0.0919250622392
-2.30203342438,0.0161746144295,0.968399941921,0.998355448246,-0.0290814395994,0.000425772828748,-0.0494012609124,-0.0666885599494,0.883145689964,1.21494054794,0.964095711708,-0.555279135704,0.0830222591758,-0.337789416313,-0.672983109951,-0.704664230347,0.795189321041,0.57177644968,0.0603516213596,0.0382256396115,-0.169552236795,0.542370796204,1.4923222065,0.809717297554,0.237020671368,0.897261202335,-0.483693748713,-0.304751425982,-0.0239301901311,-0.32109311223,-1.5552110672,-0.273034572601,0.504462003708,-0.0426676496863,-0.508145749569,0.0152756869793
-2.21796560287,0.0415415987372,0.998782396317,0.996512830257,-0.0263462048024,-0.00784775055945,-0.0787806883454,0.0937653034925,0.822602570057,1.3791744709,0.882852137089,-0.527402222157,0.010311646387,-0.250925928354,-0.572966814041,-0.731066286564,0.59128254652,0.673033297062,0.165713757277,0.0431672595441,-0.139703571796,0.475852429867,1.77770483494,0.772260725498,0.576231122017,0.813160359859,-0.309750080109,-0.276689499617,-0.116313070059,-0.710290968418,-1.70631301403,0.0774122476578,0.692902207375,-0.131938636303,-0.446863293648,0.0150829199702
-2.11310505867,0.12871208787,0.920631885529,0.992734670639,-0.0172975547612,-0.00907601881772,-0.11872766912,-0.0349083207548,0.676123976707,1.67517578602,0.650296807289,-0.121582709253,-0.115882590413,-0.268415600061,-0.503726482391,-0.755546629429,0.574531018734,0.662379086018,0.257147103548,-0.134222730994,-0.264488279819,0.400491178036,1.87794780731,0.379060894251,0.151785463095,0.522048175335,-0.482999384403,-0.260934561491,-0.25333315134,-2.08500528336,-1.72666811943,1.11559486389,0.63618594408,0.036691300571,-0.60440582037,-0.0519777312875
-2.18208360672,0.104715451598,0.850814640522,0.998828172684,-0.0015128973173,0.017404474318,0.0451332069933,-0.151599884033,0.606723368168,1.31983590126,0.62881231308,0.115556456149,0.152076765895,-0.198206543922,-0.381359428167,-0.416583567858,0.357200711966,0.230093896389,0.157827243209,-0.0834877565503,-0.205502942204,0.529472708702,1.6022797823,0.765648424625,0.380232870579,0.636197328568,-0.613108932972,-0.590484380722,-0.184059903026,1.09175777435,-1.52615177631,-1.44719612598,0.417704820633,0.0909935981035,-0.568272054195,-0.181491225958
-2.32044696808,-0.00212097074836,0.984314203262,0.997893333435,-0.0245707146823,-0.00231283856556,-0.0599984116852,0.00694551086053,0.849287688732,1.34461319447,0.95298987627,-0.51543700695,-0.0152276344597,-0.264044195414,-0.615782856941,-0.795354306698,0.658093810081,0.67034637928,0.157080158591,-0.0795245841146,-0.242521762848,0.506298422813,1.64861452579,0.521747350693,0.159139186144,0.764562964439,-0.494161307812,-0.298063546419,-0.291846007109,-1.68938302994,-1.76963710785,0.873415708542,0.586442112923,-0.0356587581336,-0.555718898773,-0.110199809074
-2.26365470886,0.0213486514986,1.01776337624,0.99726909399,-0.0234999135137,-0.00931343622506,-0.0693926289678,0.0815483927727,0.820936322212,1.33729755878,0.862457215786,-0.56660425663,0.0104758962989,-0.228644952178,-0.648243427277,-0.82359290123,0.704682409763,0.677539944649,0.102311298251,0.0543847903609,-0.141651988029,0.499028682709,1.76475119591,0.784979939461,0.567404329777,0.830017566681,-0.370455086231,-0.285881519318,-0.144542977214,-0.583781599998,-1.73743796349,0.0274620354176,0.680959880352,-0.13562117517,-0.482238441706,0.00580475572497
-1.82088398933,0.114336311817,0.877821922302,0.999617218971,-0.0205324590206,0.00614842772484,-0.0174929033965,-0.060242831707,0.697862803936,1.43607616425,0.652995944023,0.219435185194,0.109247744083,-0.179905653,-0.379369735718,-0.577707946301,0.338307499886,0.587763309479,0.176180526614,-0.0044532190077,-0.043917004019,0.324248373508,2.23281621933,0.676054298878,0.736273825169,0.627864360809,-0.136952117085,-0.420569330454,-0.0643592849374,2.68667340279,-1.63367283344,2.85707831383,0.715705692768,-0.0825194790959,-0.518522262573,0.0283813811839
-2.32390761375,0.00490648858249,0.992182970047,0.997001171112,-0.0267498139292,-0.00752517720684,-0.0722254216671,0.0630232840776,0.841513991356,1.31831479073,0.877041518688,-0.570668935776,0.0262899752706,-0.267648994923,-0.644891798496,-0.762220978737,0.715638577938,0.669578313828,0.101729288697,0.0576166249812,-0.139975100756,0.501195967197,1.72556626797,0.787271916866,0.507181823254,0.855312943459,-0.398372203112,-0.285035908222,-0.133933514357,-0.377532362938,-1.66676104069,-0.175266548991,0.643740236759,-0.112365603447,-0.492719709873,0.0228923950344
-2.20736932755,0.0438436195254,1.00949180126,0.996053397655,-0.0253074672073,-0.00918556936085,-0.0845747590065,0.125428691506,0.802085876465,1.38334715366,0.843785762787,-0.545068085194,-0.0118138138205,-0.258495211601,-0.562402009964,-0.72485268116,0.55932533741,0.710929989815,0.16306771338,0.0682060346007,-0.12158858031,0.468072503805,1.82403826714,0.760355889797,0.615631103516,0.797016918659,-0.278533756733,-0.278592318296,-0.111183427274,-0.670134067535,-1.71358072758,0.0494335256517,0.70307469368,-0.132634297013,-0.422852426767,0.0218088123947
-2.0253739357,0.106402002275,0.859724283218,0.999456822872,-0.0122602870688,0.028412822634,0.0113346874714,-0.0589248202741,0.672588348389,1.2797781229,0.669810771942,-0.0803062692285,0.116937629879,-0.216566234827,-0.360392332077,-0.495247870684,0.296213686466,0.328119575977,0.127962693572,-0.0471659712493,-0.194711342454,0.515179693699,1.59852278233,0.772370219231,0.329430907965,0.6329164505,-0.637533903122,-0.559687018394,-0.213599652052,1.29330587387,-1.46775519848,-1.74936819077,0.566657304764,0.0977801010013,-0.591801762581,-0.146625131369
-1.90056657791,0.10062418133,0.740122318268,0.993958771229,-0.0883641093969,0.0510070957243,-0.0404478274286,-0.457313627005,1.00327718258,0.764977872372,1.12899589539,-0.244437113404,0.122927449644,-0.440772622824,-0.345439225435,-0.559336841106,0.777148246765,-0.112565547228,0.0479478724301,0.0432441830635,-0.136192336679,0.566138923168,1.13918304443,0.944121718407,-0.184839174151,0.827215671539,-0.576599299908,-0.505577623844,0.835861027241,0.328770905733,-1.34467232227,-0.752716898918,0.248291581869,-0.0629233494401,-0.786412239075,-0.0978929102421
-1.57773053646,0.112280599773,0.839161992073,0.998519122601,-0.00809255242348,-0.0368566289544,-0.0391868203878,0.253283530474,0.519135117531,1.58834338188,0.594523787498,0.0990977957845,0.112547673285,-0.11254812777,-0.332319229841,-0.494201362133,0.253296732903,0.250416070223,0.126652300358,-0.0156193682924,-0.213253930211,0.432514578104,2.03360342979,0.84917473793,0.509103357792,0.538330197334,-0.529420614243,-0.488735556602,0.166728898883,0.385817021132,-1.57279372215,-0.59905809164,0.296945214272,-0.0878517478704,-0.768863022327,-0.102685876191
-1.6532022953,0.113200604916,0.807710528374,0.997308015823,-0.0336283482611,-0.0339795425534,-0.0555989928544,0.22176232934,0.572638094425,1.49713945389,0.622018814087,0.108684524894,0.0609754808247,-0.198715314269,-0.298952966928,-0.434428066015,0.311367541552,0.399970650673,0.11778075248,-0.0444169044495,-0.163011074066,0.369628876448,2.10147285461,0.78858423233,0.405330389738,0.698750913143,-0.314829736948,-0.432773053646,0.0701607614756,-1.88300764561,-1.42776834965,1.22205913067,0.296066880226,-0.0794409960508,-0.691716194153,-0.523066759109
-2.24263215065,0.021071460098,1.02427053452,0.997217357159,-0.0199079569429,-0.00301069673151,-0.0717790052295,0.0668683946133,0.818155407906,1.32943975925,0.879153549671,-0.573733747005,0.0115978419781,-0.254871934652,-0.629442512989,-0.816125094891,0.651655077934,0.714005112648,0.125556349754,0.0367118157446,-0.148083731532,0.485133975744,1.74973225594,0.797727286816,0.548435509205,0.825496256351,-0.360404789448,-0.27490273118,-0.149794444442,-0.702891230583,-1.68502354622,0.0918896496296,0.654431045055,-0.151492446661,-0.453179568052,-0.00655193952844
-1.54119324684,0.108507655561,0.849926948547,0.999857246876,-0.0137529140338,-0.00275597069412,-0.00942192878574,0.0851556286216,0.650080144405,1.43323040009,0.635451078415,0.205966591835,0.107733815908,-0.197039335966,-0.372032314539,-0.586884737015,0.332871377468,0.424707114697,0.131075248122,-0.128534704447,-0.163424447179,0.356587350368,2.10989809036,0.83331155777,0.47660112381,0.492017328739,-0.356406956911,-0.419916927814,0.0164741184562,-2.91734647751,-1.67874097824,2.21731543541,0.679350912571,0.053880803287,-0.70695912838,-0.201834857464
-2.13630700111,0.118110522628,0.855527043343,0.998842597008,-0.0322829037905,0.0348479710519,0.00754031399265,-0.246058300138,0.586848497391,1.19288432598,0.429323256016,0.102960735559,0.00526518374681,-0.279297828674,-0.196731507778,-0.289905995131,0.152814045548,0.369447976351,0.220786139369,-0.00411787070334,-0.179989233613,0.53664368391,1.49052166939,0.779268026352,0.254607051611,0.732535421848,-0.574649453163,-0.647113204002,-0.0384889543056,0.657030761242,-1.40283429623,-1.0104316473,0.190629899502,0.0101106800139,-0.610407233238,-0.266563922167
-2.13248205185,0.0687412545085,1.03573310375,0.996633768082,-0.0166751332581,-0.00357354059815,-0.0801891982555,0.0683757886291,0.799100160599,1.30917668343,0.919674932957,-0.579907596111,-0.0075245234184,-0.239970058203,-0.570807635784,-0.801997363567,0.528621077538,0.6737164855,0.157324820757,0.068379200995,-0.123061142862,0.460945010185,1.8230535984,0.804054379463,0.627746045589,0.766695439816,-0.250264078379,-0.268328785896,-0.137084960938,-0.967782497406,-1.66972315311,0.188601315022,0.686962425709,-0.143595188856,-0.426684051752,-0.0107179684564
-1.5094473362,0.106346294284,0.854105055332,0.999965846539,0.00288593280129,-0.00127275346313,-0.00764192827046,0.112303815782,0.586226046085,1.48979890347,0.641916573048,0.193614706397,0.103385172784,-0.194401800632,-0.383618891239,-0.571629941463,0.307224810123,0.382138252258,0.139776498079,-0.143680363894,-0.212790086865,0.362925827503,2.08007383347,0.884909749031,0.419368684292,0.449554860592,-0.471842348576,-0.429551929235,0.0487056523561,-2.79259896278,-1.67270314693,2.07348012924,0.661658644676,0.0985514894128,-0.731622874737,-0.254958003759
-1.47586071491,0.104037716985,0.835089862347,0.99800246954,-0.00749840773642,-0.047477401793,-0.040998172015,0.21388527751,0.550320327282,1.54892706871,0.548589468002,0.141163483262,0.107897020876,-0.135321840644,-0.326028198004,-0.437578558922,0.304816097021,0.186277672648,0.124031566083,0.017358738929,-0.181220412254,0.434913992882,2.01540231705,0.879703044891,0.542561709881,0.523032605648,-0.495769679546,-0.47084826231,0.186501607299,0.306626945734,-1.44401967525,-0.526605546474,0.199761301279,-0.129340007901,-0.764336109161,0.146948039532
-1.7338321209,0.118323482573,0.884952604771,0.998701393604,-0.0120450519025,0.0361354090273,-0.0338334999979,-0.045038651675,0.729588568211,1.04389047623,0.489698916674,0.42414572835,-0.0173653252423,-0.281806766987,-0.407544225454,-0.352613627911,0.367203474045,0.671623051167,0.218388527632,0.1289575845,-0.0277286376804,0.360709488392,1.99720191956,0.831571996212,0.661444067955,0.332968652248,-0.32035061717,-0.475319474936,-0.0250716209412,1.35047674179,-1.70105719566,-1.09826290607,0.0464810878038,0.0179913509637,-0.61491727829,-0.0802841335535
-2.31699895859,0.00279605016112,1.01432800293,0.997037649155,-0.0223648902029,-0.00880261417478,-0.0730632990599,0.099763199687,0.824193239212,1.34714019299,0.892870485783,-0.561015427113,-0.00586255080998,-0.232355177402,-0.62885427475,-0.812522113323,0.659400224686,0.727874696255,0.128868803382,0.0320491008461,-0.154751181602,0.492062270641,1.8089632988,0.74604511261,0.526917934418,0.808153986931,-0.347952276468,-0.293706953526,-0.180352568626,-1.21336364746,-1.77900445461,0.52829438448,0.693343043327,-0.14661668241,-0.491367787123,-0.0399929098785
-1.84374916553,0.108149208128,0.784845232964,0.999650657177,0.00795058719814,0.0211139973253,-0.0137663930655,-0.0415505543351,0.580695986748,1.39792585373,0.711796998978,0.0355145707726,0.159853622317,-0.304207593203,-0.346960544586,-0.354742079973,0.367955863476,0.044518943876,0.190365150571,-0.0801326557994,-0.42412686348,0.529296755791,1.64394366741,0.721538126469,0.105130471289,0.513695478439,-0.694943070412,-0.627758264542,0.249098524451,0.472315102816,-1.48289740086,-0.995384395123,0.395060241222,0.0371632836759,-0.777642011642,-0.110637560487
-1.95056796074,0.143089950085,0.902028203011,0.9972473979,-0.00348556647077,0.0156710464507,-0.0723865032196,-0.0424790009856,0.765948712826,1.04157614708,0.756781935692,0.26257660985,0.0569070242345,-0.267486482859,-0.466555565596,-0.579804778099,0.410152077675,0.692392587662,0.253880262375,0.0145957507193,-0.0734307318926,0.302883386612,2.16912031174,0.612279415131,0.143505915999,0.260965049267,-0.289584189653,-0.388076543808,-0.347227960825,-2.79875135422,-1.71760416031,2.13024711609,0.266494601965,0.171771749854,-0.597393095493,-0.235438913107
-2.15883469582,0.0516152493656,1.0272372961,0.996466696262,-0.0194828808308,-0.00927354581654,-0.0811700597405,0.102865032852,0.790918409824,1.35281121731,0.878545701504,-0.560023248196,-0.0194455590099,-0.23012316227,-0.586874485016,-0.813604950905,0.567133069038,0.654790222645,0.13458712399,0.0715358406305,-0.123117975891,0.466830134392,1.84058427811,0.783710896969,0.607061684132,0.764712512493,-0.267922699451,-0.262448877096,-0.139113113284,-0.983508229256,-1.68049716949,0.228258535266,0.708201110363,-0.14637888968,-0.425707578659,-0.00631204945967
-1.57214295864,0.103602930903,0.865899085999,0.999902546406,-0.00463664205745,0.0130753731355,-0.00157680013217,-0.0675971657038,0.709711849689,1.2840077877,0.623557686806,0.304101496935,0.0579286888242,-0.253398090601,-0.43937548995,-0.554560959339,0.416412264109,0.511602699757,0.153651237488,-0.123857021332,-0.127867653966,0.324923068285,2.18868851662,0.769982516766,0.529707968235,0.46971309185,-0.244697421789,-0.383290559053,-0.0648475289345,-2.82570099831,-1.59638392925,2.04555892944,0.769323289394,0.0104116844013,-0.616767764091,-0.0909458175302
-2.36918973923,-0.00948483683169,0.970486283302,0.997033715248,-0.0243570934981,-0.00468882033601,-0.0728593245149,-0.00994576048106,0.874747037888,1.25549817085,0.952639937401,-0.58224272728,0.0508223772049,-0.296618163586,-0.639408230782,-0.712030529976,0.693499803543,0.658369660378,0.12362024188,0.054527156055,-0.159484654665,0.505586922169,1.65213787556,0.801535725594,0.41308182478,0.877625703812,-0.402343511581,-0.297944188118,-0.139401167631,-0.44267475605,-1.62191605568,-0.177288234234,0.585069298744,-0.104819647968,-0.474761098623,0.0292729623616
-2.33152675629,0.000672187656164,0.995213806629,0.998488366604,-0.0168004333973,-0.00332495872863,-0.0522262714803,0.0364576466382,0.815914034843,1.28292322159,0.924526929855,-0.603271007538,0.0540534071624,-0.285857588053,-0.782736718655,-0.840669333935,0.89483332634,0.676792919636,-0.0634874850512,0.0566816441715,-0.160695716739,0.525978207588,1.61934971809,0.805147409439,0.402434915304,0.857210934162,-0.471261173487,-0.28665971756,-0.15488293767,-0.425316810608,-1.7192234993,-0.159280195832,0.578040242195,-0.0444921553135,-0.533172369003,-0.0328669734299
-1.67866170406,0.107753500342,0.794989645481,0.99347025156,-0.061969909817,-0.0431346856058,-0.0855338796973,-0.173728406429,0.910290956497,0.752222597599,0.985589087009,0.0177475903183,-0.0258593410254,-0.412843048573,-0.236031323671,-0.309766054153,0.790300190449,0.139244273305,0.0100013399497,-0.0492256172001,-0.178187072277,0.517870485783,1.73432230949,0.834580719471,0.0948839783669,0.53024148941,-0.66313290596,-0.642787575722,0.24927136302,-0.636506378651,-1.27201485634,-0.499352872372,0.558621108532,0.0708553567529,-0.733162581921,-0.245406538248
-1.56031346321,0.107534572482,0.869741499424,0.999935746193,-0.000969774788246,0.0110367462039,-0.00238363910466,0.00667821196839,0.671666026115,1.37858843803,0.626951634884,0.281059741974,0.112716406584,-0.219232261181,-0.411477297544,-0.578925609589,0.359043896198,0.478474885225,0.1572612077,-0.124138608575,-0.141768202186,0.321922272444,2.19640207291,0.792765378952,0.515531539917,0.42096555233,-0.320530742407,-0.383771032095,-0.0199467837811,-2.84015536308,-1.61489117146,2.09891533852,0.725431203842,0.00975574366748,-0.678729057312,-0.17572028935
-1.59312617779,0.10366640985,0.803524315357,0.998040914536,-0.0204314272851,-0.0413023419678,-0.0423208326101,0.284931570292,0.502490520477,1.61014831066,0.669748961926,0.0441648997366,0.0721408948302,-0.181021690369,-0.329208314419,-0.486382573843,0.360894948244,0.312518119812,0.0944980531931,-0.0720374211669,-0.232758566737,0.415973931551,2.01777219772,0.838962078094,0.380076318979,0.680304288864,-0.425578922033,-0.464895576239,0.15383964777,-1.15919804573,-1.40862798691,0.515567719936,0.352491348982,-0.0416391380131,-0.763655602932,-0.497779667377
-2.15719342232,0.0482887029648,1.00971460342,0.996257841587,-0.0258972588927,-0.00955419521779,-0.0819047093391,0.0851716324687,0.825756669044,1.32429206371,0.913527846336,-0.547102868557,0.0027151205577,-0.259746521711,-0.562602043152,-0.716240465641,0.572714447975,0.680974960327,0.157455995679,0.0666107311845,-0.127479314804,0.4692299366,1.79384028912,0.776945054531,0.571151852608,0.800210416317,-0.288965493441,-0.275851756334,-0.10996478796,-0.582370996475,-1.68736970425,-0.0405756756663,0.662033855915,-0.143130600452,-0.425852358341,-0.00603707088158
-2.09864997864,0.110420115292,1.0379011631,0.99686819315,-0.0165595840663,-0.00515447324142,-0.0771559178829,0.0429678037763,0.734688818455,1.28748786449,0.800578474998,-0.459302544594,-0.0494090244174,-0.237184196711,-0.534944415092,-0.779757499695,0.505358695984,0.659335017204,0.143649250269,0.0732038542628,-0.109631344676,0.421221703291,1.83790707588,0.818860352039,0.589663088322,0.758669793606,-0.261197388172,-0.249647721648,-0.159936964512,-0.860627532005,-1.65631067753,0.0379611477256,0.683715224266,-0.163379222155,-0.417685985565,-0.0781894251704
-2.21897029877,0.132084026933,0.828333199024,0.999956965446,-0.000841937086079,0.00672435993329,-0.00633884128183,-0.0968478396535,0.522422969341,0.960214197636,0.484151810408,-0.0832920148969,-0.036080904305,-0.192604765296,-0.462832689285,-0.664446532726,0.501350641251,0.0643376857042,0.00103552825749,0.0640151426196,-0.140411764383,0.294711023569,1.70514857769,1.13152861595,0.603060007095,0.610517859459,-0.355362892151,-0.386834204197,-0.228070855141,-0.40838855505,-1.66699409485,-0.730464577675,0.297547549009,-0.166130140424,-0.443087339401,-0.219598248601
-1.88473379612,0.103234261274,0.783493876457,0.999024808407,0.0300760120153,0.0304993577302,-0.0107069341466,-0.0619243122637,0.604601562023,1.46696066856,0.814061820507,-0.0421619638801,0.252378225327,-0.301697731018,-0.41073256731,-0.434132367373,0.371647000313,0.0251806266606,0.207267463207,-0.0628653094172,-0.413292944431,0.525595664978,1.63916492462,0.72460436821,0.0822014212608,0.402546048164,-0.66855096817,-0.614971518517,0.385450094938,0.440509051085,-1.43186819553,-0.959012150764,0.342133939266,0.0705588161945,-0.776563704014,0.0392066016793
-1.60093986988,0.100548535585,0.778374969959,0.993717193604,-0.0537936575711,-0.0742048546672,-0.0642343387008,0.317550003529,0.530217707157,1.61074078083,0.696297228336,0.013091435656,0.0481310747564,-0.17636308074,-0.191664278507,-0.449235111475,0.375097692013,0.193324744701,0.0288637168705,-0.0399769879878,-0.177799358964,0.439635396004,1.94174587727,0.876804351807,0.293912380934,0.761049151421,-0.472980737686,-0.506571054459,0.216464310884,-0.478649735451,-1.40675926208,-0.0174068119377,0.212492138147,-0.0355587825179,-0.82345187664,-0.449890077114
-2.33612966537,-0.0039521465078,0.999129116535,0.997176885605,-0.0256974324584,-0.00946478266269,-0.0699164867401,0.0527201145887,0.836925625801,1.30566906929,0.897571563721,-0.596306204796,0.0253030601889,-0.25120523572,-0.665708839893,-0.797412991524,0.744119524956,0.642918288708,0.089663811028,0.0509290471673,-0.147893384099,0.507671117783,1.70900392532,0.806782066822,0.482793986797,0.847417354584,-0.416989952326,-0.282327651978,-0.126005589962,-0.437449663877,-1.6614266634,-0.122637249529,0.640840172768,-0.114283844829,-0.491373986006,0.0158693175763
-1.88111209869,0.129240855575,0.967998862267,0.994848132133,-0.0594922602177,0.00315258116461,-0.0820238217711,-0.331594258547,0.854068040848,0.891594529152,0.604415357113,-0.236027270555,-0.131554275751,-0.326791137457,-0.245825275779,-0.608510017395,0.361405193806,0.672730445862,0.232179105282,-0.062867872417,-0.048495426774,0.324817538261,2.18286347389,0.711642384529,0.592547595501,0.540692567825,-0.317769676447,-0.283933579922,-0.13087874651,-2.25767612457,-1.56739509106,1.51773571968,0.476807594299,0.00621908437461,-0.519162237644,-0.206156179309
-2.25836324692,0.0219707489014,1.0085310936,0.996655583382,-0.0279250703752,-0.00670511042699,-0.0765046328306,0.05009046942,0.845520317554,1.31801748276,0.900288701057,-0.572457373142,0.00405389862135,-0.242020890117,-0.591865360737,-0.75608175993,0.607547402382,0.672317504883,0.146446451545,0.0377473123372,-0.153434187174,0.494689047337,1.74915194511,0.760650455952,0.520947813988,0.816058576107,-0.368675082922,-0.278145313263,-0.140016153455,-0.720699131489,-1.73000431061,0.0603838972747,0.651969015598,-0.149153143167,-0.466486036777,-0.0038670967333
-2.12302160263,0.145733565092,0.947387456894,0.998572051525,-0.0129336183891,0.0030831086915,-0.0517407916486,-0.0358939692378,0.665733635426,1.13261127472,0.619036078453,-0.336020618677,-0.126805350184,-0.243484959006,-0.548935890198,-0.821353971958,0.5102186203,0.375078886747,0.0415965132415,0.0894569084048,-0.0856347382069,0.376750588417,1.76269066334,0.901374697685,0.401936292648,0.80932700634,-0.303080886602,-0.272806882858,-0.252378344536,-0.744777083397,-1.71098721027,-0.259249061346,0.565936684608,-0.117984630167,-0.470360785723,-0.163675323129
-1.68509781361,0.10468301177,0.725428819656,0.992714822292,-0.084331266582,-0.0145715884864,-0.0848127007484,-0.260122954845,1.00926589966,0.814902126789,1.09750711918,-0.192737489939,0.0663150623441,-0.281712502241,-0.257667571306,-0.36118504405,0.601097464561,0.0237444005907,0.124492995441,0.0460973493755,-0.202095881104,0.496206521988,1.67016351223,0.656103610992,0.0811222866178,0.620271980762,-0.478684574366,-0.652795135975,0.605734825134,0.561288118362,-1.4761070013,-1.00389039516,0.509804964066,-0.11373320967,-0.869373381138,0.20649291575
-2.16405439377,0.108664393425,0.973182618618,0.996291637421,-0.0118442466483,-0.000638318597339,-0.0852195322514,-0.0992484688759,0.6962261796,1.39458572865,0.66512387991,-0.246020868421,-0.219101116061,-0.249354720116,-0.504333734512,-0.732870399952,0.469658643007,0.671149790287,0.260042250156,-0.103212088346,-0.234990552068,0.449380397797,1.7716448307,0.409855544567,0.248018279672,0.548375606537,-0.478053808212,-0.272050470114,-0.309521228075,-1.9928945303,-1.72197806835,1.0851984024,0.611341536045,0.0120309302583,-0.578312575817,-0.0611170232296
-2.36778092384,0.0624348521233,0.933323144913,0.999428272247,0.0154103534296,-0.0176188051701,-0.0243982840329,-0.144425243139,0.790664196014,0.958479642868,1.08606469631,-0.777700960636,0.033193346113,-0.550825417042,-0.814205169678,-0.363002747297,1.12079024315,0.358700037003,0.0636172369123,0.145785987377,-0.0362878292799,0.511507093906,1.33085131645,1.052957654,0.287685275078,1.02471351624,-0.43744289875,-0.170322611928,-0.0621441304684,0.0452182367444,-1.34326505661,-0.288715571165,0.189999401569,-0.101799726486,-0.498062938452,0.151960000396
-1.58655917645,0.105229273438,0.811368346214,0.998130202293,-0.00688347686082,-0.0486779361963,-0.0363206714392,0.0818450078368,0.588690698147,1.46544861794,0.507713317871,0.191458508372,0.0651463419199,-0.172856479883,-0.330967187881,-0.444901168346,0.346228480339,0.169238775969,0.1188583076,-0.0374914184213,-0.256732076406,0.464841455221,1.96689367294,0.882895290852,0.454277575016,0.630038559437,-0.541210770607,-0.546425879002,0.257369101048,0.139102771878,-1.48656988144,-0.529859960079,0.215285971761,-0.047417011112,-0.771015524864,-0.299102157354
-2.30459618568,0.0182258039713,1.00393521786,0.998642086983,-0.0139711881056,0.00155750080012,-0.0501635931432,-0.0894317179918,0.816983520985,1.16223812103,0.918704628944,-0.583128213882,0.0815166085958,-0.284399151802,-0.798184514046,-0.849633872509,0.909032821655,0.581310808659,-0.0947690084577,0.078162714839,-0.15847684443,0.567160725594,1.46345770359,0.847780108452,0.300802469254,0.850646555424,-0.593454837799,-0.289412349463,-0.13648404181,-0.273709207773,-1.59162127972,-0.295278578997,0.4246789217,0.0122578302398,-0.546709835529,-0.0232096910477
-1.54209244251,0.108016803861,0.831795334816,0.996830821037,-0.00472427438945,-0.0623161047697,-0.0492201596498,0.203073173761,0.56212168932,1.5336111784,0.549688458443,0.1471927315,0.0995301902294,-0.141002446413,-0.328283280134,-0.42370814085,0.378084331751,0.0856571495533,0.109387755394,0.0178555753082,-0.193101644516,0.439014703035,2.01010847092,0.8665112257,0.533327579498,0.504247963428,-0.524583399296,-0.468561381102,0.188095867634,0.174496382475,-1.40910208225,-0.435388207436,0.19787402451,-0.0973335206509,-0.764375209808,0.194796219468
-1.63265073299,0.105315409601,0.755234360695,0.992348730564,-0.0598787851632,-0.0491509065032,-0.096138857305,-0.162344276905,0.934807002544,0.803386807442,1.07767832279,-0.0994428694248,0.0334023162723,-0.358870983124,-0.223099738359,-0.253578513861,0.729688405991,-0.0379166416824,0.0872253403068,-0.0311307962984,-0.221093535423,0.48934084177,1.81333005428,0.769198358059,0.134968698025,0.545306921005,-0.52889341116,-0.626516461372,0.414129972458,0.220735266805,-1.48372972012,-0.890856266022,0.587348639965,0.0861887484789,-0.842103898525,0.0809996724129
-1.57788264751,0.0993694588542,0.838841497898,0.996891975403,-0.00337985763326,-0.070479594171,-0.0350373461843,0.104875564575,0.69197922945,1.30017840862,0.645737111568,0.25395283103,0.029150037095,-0.124484412372,-0.388588905334,-0.557149767876,0.460508853197,0.0959271043539,0.0981178358197,-0.135810375214,-0.202926546335,0.429345667362,2.13544869423,0.810907065868,0.313359886408,0.31459286809,-0.606376945972,-0.389053583145,-0.0755881667137,-2.76650595665,-1.74960815907,2.13372087479,0.691138148308,0.14764007926,-0.656698822975,-0.034217108041
-1.53124511242,0.101566463709,0.854735255241,0.999835550785,-0.00694192759693,-0.00867821089923,-0.0143307391554,0.0577139556408,0.654462814331,1.42757487297,0.64955508709,0.25702688098,0.0901983901858,-0.20134703815,-0.395698100328,-0.619844377041,0.397826522589,0.362930327654,0.120050430298,-0.133887603879,-0.171047598124,0.362144857645,2.16316413879,0.837809145451,0.444504439831,0.40134370327,-0.406094104052,-0.401212751865,0.0303243659437,-2.78354692459,-1.64716291428,2.02030086517,0.719964563847,0.0620649494231,-0.710607230663,-0.213221207261
-1.56734871864,0.0995162278414,0.869218289852,0.999904453754,-0.00410364661366,0.00967553537339,-0.00898233801126,9.06634522835e-05,0.682451486588,1.34465026855,0.623232603073,0.29975220561,0.0839803367853,-0.242046311498,-0.422097146511,-0.570690870285,0.394195199013,0.477580279112,0.148371264338,-0.11079634726,-0.125911161304,0.324242055416,2.23818683624,0.767657876015,0.553162276745,0.428458452225,-0.285470724106,-0.376545220613,-0.0179463848472,-2.7887275219,-1.60047650337,2.0380358696,0.748898386955,-0.00868508405983,-0.653406441212,-0.176574915648
-1.54613280296,0.099430128932,0.844803571701,0.999577283859,-0.0184313748032,-0.0163378305733,-0.0154472338036,0.0962164327502,0.656262695789,1.44229447842,0.636031329632,0.210656389594,0.105303369462,-0.171610817313,-0.359971225262,-0.615528464317,0.366536557674,0.350618302822,0.106493853033,-0.122210018337,-0.169401332736,0.380435407162,2.09184336662,0.839020729065,0.403428375721,0.452988356352,-0.432085156441,-0.452797144651,0.0549819506705,-2.89993715286,-1.74062335491,2.20163798332,0.683719277382,0.0678306296468,-0.729659974575,-0.178497970104
-1.82612705231,0.0308435726911,0.752368569374,0.996203005314,-0.0748775973916,0.0310679972172,-0.0317455343902,-0.637232780457,1.09446251392,0.611313462257,1.24934065342,-0.281268179417,0.10543166846,-0.477007478476,-0.364901155233,-0.589116156101,0.865200281143,0.11014444381,0.00461890362203,-0.0738343670964,-0.143675774336,0.451200664043,1.78715825081,0.963223338127,0.355808109045,0.903758704662,-0.255056768656,-0.324218153954,0.207603752613,2.25188660622,-1.65110433102,2.85908150673,0.585729956627,0.0782222598791,-0.851970732212,-0.487320721149
-1.66930067539,0.103334158659,0.800332248211,0.996542394161,-0.0489089824259,-0.0309711005539,-0.0595976002514,-0.243233174086,0.961067676544,0.880933701992,1.00447154045,-0.0110061615705,0.0638594031334,-0.335043668747,-0.29590472579,-0.474926680326,0.687285721302,0.0570884384215,-0.0101647218689,-0.0818041712046,-0.217586427927,0.508388519287,1.68718898296,0.832766592503,0.0655905455351,0.525889337063,-0.756400048733,-0.603762507439,0.210440963507,-0.256061434746,-1.31828939915,-0.701555013657,0.6342638731,0.124445199966,-0.70925617218,-0.0476068966091
-1.6082777977,0.0971634536982,0.80228215456,0.995806455612,-0.0582030527294,-0.0415199510753,-0.0570784844458,-0.197596207261,0.999968707561,0.907497167587,1.04705584049,-0.0305893495679,0.0782216787338,-0.30991101265,-0.279698938131,-0.52065038681,0.714139461517,0.0153755247593,-0.0510340183973,-0.0993701666594,-0.183994233608,0.491003066301,1.75785672665,0.862043499947,0.122084215283,0.548708498478,-0.79585236311,-0.543341994286,0.205061599612,-1.26860153675,-1.15065836906,0.289685934782,0.656978368759,0.166666477919,-0.745049476624,-0.0732217505574
-1.57186174393,0.0974601507187,0.822945296764,0.984548091888,-0.11961106956,-0.0784252136946,-0.101033486426,-0.225316122174,1.02305936813,0.475380629301,0.889693558216,0.167962238193,0.139451757073,-0.171536892653,-0.090945199132,-0.462457418442,0.539218664169,0.0802551731467,-0.0337614379823,0.0867601707578,0.0868805870414,0.485141426325,1.79804933071,0.88794273138,0.463639765978,0.642673254013,-0.516521036625,-0.424235284328,0.351600855589,-0.134767994285,-1.44420027733,-0.451501607895,0.204611241817,0.0165824145079,-0.849731624126,0.220699831843
-1.62109494209,0.104447335005,0.826242804527,0.998213171959,-0.0285065043718,-0.0356598123908,-0.0385515652597,0.258756786585,0.549712538719,1.55338490009,0.698242366314,0.0936466902494,0.045767750591,-0.172401204705,-0.319643855095,-0.541905879974,0.373288780451,0.33301961422,0.072366990149,-0.0957670286298,-0.202400684357,0.413581907749,2.00021123886,0.840842485428,0.423153549433,0.612365007401,-0.472853273153,-0.466160178185,0.0907696858048,-2.50128698349,-1.49190890789,1.61513519287,0.549830913544,0.0443658418953,-0.745895981789,-0.347611099482
-2.01978468895,0.158278241754,0.921849370003,0.995708525181,-0.0132543975487,0.019583594054,-0.0894729495049,-0.0252982173115,0.798641443253,0.928346455097,0.637392759323,0.377072930336,-0.0123599674553,-0.220203995705,-0.51887512207,-0.710148870945,0.560593605042,0.635735869408,0.190835729241,0.105024792254,0.00975295342505,0.333018690348,2.05009436607,0.594388246536,0.742984652519,-0.0329518429935,-0.488869875669,-0.436352938414,-0.161879569292,-2.97954273224,-1.78905928135,2.48539972305,0.424600422382,0.150528773665,-0.711504995823,-0.112347669899
-2.16237664223,0.0482103824615,1.03297424316,0.996585786343,-0.0159395076334,-0.00788489915431,-0.0806256085634,0.0824708491564,0.771826803684,1.34451460838,0.882936894894,-0.533086180687,-0.0188215151429,-0.216451346874,-0.588130474091,-0.838809669018,0.552158713341,0.644472777843,0.120150581002,0.0618732571602,-0.117117449641,0.447345674038,1.87421870232,0.771335482597,0.594201207161,0.749060630798,-0.259767770767,-0.251626640558,-0.177851617336,-1.19004201889,-1.71089851856,0.364377439022,0.719128370285,-0.149291947484,-0.435757398605,-0.036079954356
-1.68918907642,0.107927620411,0.784892499447,0.999536991119,-0.00428294157609,0.00514140352607,-0.0296803675592,-0.0633408129215,0.606342017651,1.30674529076,0.60261619091,0.0849774107337,0.105865374207,-0.287250339985,-0.323674947023,-0.373369932175,0.397305428982,0.0279011484236,0.145504176617,-0.0591193847358,-0.376337707043,0.490417659283,1.74337601662,0.729366838932,0.141698643565,0.464560300112,-0.627274632454,-0.653298616409,0.393018811941,0.484067857265,-1.46284520626,-0.974759340286,0.407382160425,0.0256362576038,-0.811673700809,-0.0867755040526
-1.76188480854,0.11897880584,0.823907792568,0.994891285896,-0.0620557256043,-0.0536974035203,-0.0587974265218,0.381084233522,0.370933294296,1.81969714165,0.449293792248,0.144137918949,-0.141433820128,-0.16151714325,-0.199839472771,-0.41527274251,0.294415950775,0.408374816179,0.0862330794334,-0.0806230455637,-0.167383655906,0.411569654942,1.89153468609,0.791448414326,0.295128673315,0.669644653797,-0.525688350201,-0.512667000294,0.0854481980205,-0.807312786579,-1.44467961788,0.601069748402,0.494645148516,0.0208614636213,-0.781404674053,-0.446714520454
-2.24889349937,0.0157709233463,1.0044260025,0.997732996941,-0.0235768817365,-0.000105281556898,-0.0630317926407,0.00515307998285,0.853345155716,1.29168128967,0.946632802486,-0.538549005985,-0.00810620561242,-0.273570537567,-0.615338087082,-0.763456344604,0.646254897118,0.67383402586,0.144445389509,-0.0402619019151,-0.21885304153,0.511307537556,1.64020121098,0.58832359314,0.234241589904,0.750999927521,-0.456326395273,-0.300925165415,-0.235985592008,-1.3549028635,-1.78858721256,0.510108649731,0.580787539482,-0.0617298334837,-0.535004615784,-0.0869745314121
-2.32818603516,-0.00618028687313,0.992715477943,0.996749997139,-0.0247506387532,-0.00779473269358,-0.0762635916471,0.0791654288769,0.845162272453,1.33475220203,0.926131844521,-0.569351792336,0.0199679508805,-0.262078136206,-0.609078168869,-0.715106070042,0.646346271038,0.691824257374,0.159194618464,0.0383173599839,-0.1508256495,0.493957012892,1.7583245039,0.765389442444,0.512497901917,0.851732611656,-0.369742661715,-0.289062589407,-0.130126193166,-0.563301205635,-1.69781434536,-0.0508038364351,0.664505720139,-0.136785402894,-0.490424066782,0.00312740122899
-2.30788516998,0.00292562227696,0.996526360512,0.996737539768,-0.0256764795631,-0.00873766094446,-0.0760183557868,0.0922554284334,0.83417570591,1.35337793827,0.894201219082,-0.556189239025,0.0069125238806,-0.261260211468,-0.603765547276,-0.715610027313,0.643425583839,0.695575773716,0.164678871632,0.0318651497364,-0.149435266852,0.487947821617,1.78014230728,0.74787569046,0.522590994835,0.84976375103,-0.357467293739,-0.291228145361,-0.135425776243,-0.709660053253,-1.73408567905,0.0491913296282,0.688412129879,-0.142714232206,-0.478443771601,-0.000614306947682
-2.21321344376,0.0325407236814,1.03158032894,0.997348129749,-0.0134936440736,-0.00651556579396,-0.0712191835046,0.0333098247647,0.77759552002,1.33950483799,0.888699412346,-0.518761992455,-0.0233222916722,-0.220308631659,-0.635426104069,-0.87039911747,0.609180808067,0.65115904808,0.128558591008,-0.00965479481965,-0.17849560082,0.499437272549,1.76312112808,0.595257759094,0.347642809153,0.669512808323,-0.41030305624,-0.288255423307,-0.318047732115,-1.58653068542,-1.7997174263,0.739685297012,0.606778621674,-0.0813958197832,-0.49899739027,-0.108736604452
-1.66379487514,0.110255382955,0.781593203545,0.999221980572,0.0244161542505,0.00375819881447,-0.0307422932237,-0.0287732370198,0.574213802814,1.48448634148,0.605858385563,0.0891611203551,0.174732103944,-0.263228863478,-0.371320128441,-0.391666203737,0.381794422865,-0.00427997391671,0.198419108987,-0.0608797259629,-0.405684053898,0.484034508467,1.84107339382,0.709371626377,0.213325038552,0.402570515871,-0.684376239777,-0.619510114193,0.313925921917,0.508868634701,-1.47325909138,-1.04774713516,0.35757368803,0.10687841475,-0.86462032795,-0.0571310557425
-1.60707998276,0.111385479569,0.839950978756,0.999584019184,-0.0095106754452,-0.0243046581745,-0.0122766830027,0.0986532047391,0.651131987572,1.42399477959,0.701106727123,0.191095903516,0.098779655993,-0.203213438392,-0.380133330822,-0.561062455177,0.423982918262,0.317851096392,0.0906149074435,-0.141337513924,-0.20858989656,0.415812730789,2.00549197197,0.886382758617,0.368167698383,0.535076439381,-0.501470088959,-0.478329509497,0.0419178791344,-2.64700078964,-1.6503187418,1.90182578564,0.642651081085,0.101542823017,-0.733872175217,-0.194099664688
-2.32131624222,-0.00075135845691,0.975837767124,0.996942937374,-0.0271435771137,-0.00844697188586,-0.0727780908346,0.0196937248111,0.878368556499,1.28106999397,0.947112262249,-0.580432236195,0.0450655706227,-0.28741940856,-0.652638792992,-0.722399950027,0.724033951759,0.662115037441,0.120877705514,0.0547197312117,-0.146939903498,0.505961835384,1.69855964184,0.802065372467,0.462284892797,0.876996934414,-0.410802692175,-0.305145055056,-0.120511353016,-0.442447274923,-1.62972545624,-0.169770151377,0.60873991251,-0.113504350185,-0.489255338907,0.0224650148302
-2.32930111885,-0.00494029093534,0.983740031719,0.996585190296,-0.0260194800794,-0.0113482289016,-0.0775377377868,0.0643997564912,0.847282171249,1.32487607002,0.910036444664,-0.576858580112,0.0247722044587,-0.264195084572,-0.628753006458,-0.722781538963,0.692597031593,0.659290194511,0.140444129705,0.0538464449346,-0.144179403782,0.498278856277,1.74971866608,0.79952532053,0.509390473366,0.861675620079,-0.39338862896,-0.295580774546,-0.121185190976,-0.464617103338,-1.63373017311,-0.130133062601,0.644888043404,-0.126346468925,-0.48750218749,0.0230755656958
-2.24136209488,0.0179688837379,0.992735385895,0.998447358608,-0.0230397358537,-0.0018511347007,-0.0506819523871,-0.0363990962505,0.837367355824,1.34803569317,0.926767408848,-0.488357841969,-0.0423745028675,-0.282933652401,-0.629290997982,-0.787004172802,0.676415801048,0.645768821239,0.141286849976,-0.100044488907,-0.254079431295,0.523690104485,1.54150080681,0.477134674788,0.0697874948382,0.793075680733,-0.547676920891,-0.311370760202,-0.299706965685,-1.67133700848,-1.75173032284,0.862663090229,0.557750105858,0.0188397075981,-0.562392234802,-0.122379377484
-2.00820660591,0.152908205986,1.0470290184,0.993680477142,-0.0248711649328,0.0393930152059,-0.102120727301,-0.196585848927,0.553529262543,1.14601433277,0.645393013954,0.1115565449,-0.374037474394,-0.388896554708,-0.654841423035,-0.888370037079,0.769364058971,0.700326800346,-0.0637797191739,0.0869968011975,-0.126513317227,0.465268015862,1.71413350105,0.722704768181,0.237089082599,0.431269496679,-0.501057684422,-0.269469767809,-0.330718904734,-2.4708032608,-1.88466560841,1.43577027321,0.625551939011,0.149572849274,-0.528931975365,-0.130355134606
-1.55471813679,0.0975121259689,0.803957402706,0.999600410461,0.00988996122032,-0.00822997838259,-0.0251695942134,0.0462744832039,0.609689950943,1.44827103615,0.679974496365,0.0512411445379,0.12875109911,-0.227584987879,-0.37564393878,-0.520017325878,0.410037308931,0.0571238063276,0.106537260115,-0.114067159593,-0.379690915346,0.44166263938,1.8921238184,0.753255426884,0.210304886103,0.459589242935,-0.685022711754,-0.594319224358,0.163024157286,1.38079464436,-1.34034395218,-2.13557219505,0.60929530859,0.167779177427,-0.765201807022,-0.175563648343
-1.59180736542,0.109151497483,0.847687125206,0.999626457691,-0.00461459578946,-0.0145625630394,-0.022661594674,0.170761182904,0.573292434216,1.53159940243,0.637593626976,0.158810913563,0.105657890439,-0.177268922329,-0.377701342106,-0.57871389389,0.341581434011,0.388368368149,0.114078186452,-0.105932757258,-0.209630057216,0.386704534292,2.04220962524,0.866512417793,0.41318243742,0.516805887222,-0.499385774136,-0.464400857687,0.0817652419209,-2.72932195663,-1.72318255901,2.01188611984,0.598836660385,0.0495864339173,-0.745793104172,-0.266190201044
-1.55141568184,0.105649583042,0.820661842823,0.99663323164,-0.0161898788065,-0.066375285387,-0.0453248359263,0.163867533207,0.595690846443,1.48169922829,0.558685183525,0.14267604053,0.0906350687146,-0.196593537927,-0.307255595922,-0.410245656967,0.455022215843,0.113462969661,0.0757770016789,-0.0079412823543,-0.197305426002,0.443637311459,1.94025707245,0.875313818455,0.48202034831,0.571362495422,-0.563498318195,-0.467019200325,0.22521558404,0.088858269155,-1.36382031441,-0.409620463848,0.27879986167,-0.0775502696633,-0.757130801678,0.240752741694
-2.24330997467,0.0159560926259,1.02720034122,0.997905433178,-0.0179614443332,-0.0056471680291,-0.0618891716003,-0.029828062281,0.831058382988,1.25233030319,0.898787260056,-0.541899979115,-0.0110175376758,-0.207214355469,-0.640741825104,-0.826084733009,0.615256428719,0.749289214611,0.116534762084,0.0102798240259,-0.171185672283,0.517740249634,1.66408073902,0.685481607914,0.340424090624,0.768559753895,-0.426242500544,-0.315973460674,-0.299061894417,-1.26213598251,-1.88589560986,0.527526259422,0.510413408279,-0.0930826291442,-0.532430589199,-0.0684728324413
-2.08452129364,0.136591732502,0.770264744759,0.997174561024,-0.0438878424466,0.0142387365922,-0.0592787712812,-0.729706287384,0.448575824499,0.516408085823,1.40329933167,-0.180491760373,-0.339760810137,-0.196977928281,-0.380883455276,-0.837148427963,0.569789409637,-0.0715325325727,-0.00891277287155,-0.0115541564301,-0.309345573187,0.498100072145,1.5185418129,0.600617945194,0.175844714046,1.02138257027,-0.683236062527,-0.46722984314,0.0583412759006,-0.0551703311503,-1.32573390007,-0.659927368164,0.064029596746,0.403887122869,-0.850606620312,-0.295176237822
-2.04585075378,0.13824403286,0.95274335146,0.997604548931,0.0151193477213,0.0412224307656,-0.0534536242485,-0.446676045656,0.635444879532,1.03852272034,1.15695464611,-0.200588971376,-0.261668145657,-0.293794840574,-0.833303570747,-1.05402386189,0.703544914722,0.371426105499,-0.0436734668911,-0.0352458953857,-0.270514249802,0.537719607353,1.38717460632,0.342354118824,-0.0434509068727,0.688422322273,-0.624379873276,-0.228677436709,-0.523802936077,-0.724236130714,-1.80192816257,0.0489229634404,0.288303941488,0.281812399626,-0.557946503162,-0.00611707754433
-1.71001970768,0.107032887638,0.758636891842,0.999556183815,0.0166140366346,0.022722279653,-0.00975110102445,-0.0700434967875,0.608450293541,1.34810256958,0.819032669067,-0.0691267624497,0.203147977591,-0.313270717859,-0.420484274626,-0.414768993855,0.463637769222,-0.0454862825572,0.163313731551,-0.0721567049623,-0.46576115489,0.522092521191,1.68693959713,0.672077476978,0.136296615005,0.528203189373,-0.657256066799,-0.619853317738,0.315450012684,0.593739628792,-1.51592195034,-1.09512507915,0.50917249918,0.065734513104,-0.79561817646,0.00404891464859
-2.27735257149,0.00404466129839,1.00749659538,0.998089909554,-0.0207924451679,-0.0061288359575,-0.0578501448035,0.0203572660685,0.829423427582,1.30014955997,0.912016749382,-0.577085971832,0.0283614806831,-0.24584031105,-0.677088856697,-0.782307624817,0.731053173542,0.664280712605,0.0715076178312,0.0290201455355,-0.166905537248,0.530849397182,1.63838160038,0.744086921215,0.363795042038,0.836086928844,-0.455238342285,-0.277334570885,-0.161143451929,-0.509631276131,-1.73702466488,-0.121893785894,0.566427588463,-0.0674982890487,-0.536886155605,-0.0433598011732
-2.23719143867,0.0169095490128,0.98454618454,0.998493432999,-0.0201371721923,0.000281867600279,-0.0510426536202,-0.0699878185987,0.841908752918,1.34900319576,0.926874876022,-0.460306674242,-0.0505671612918,-0.269754290581,-0.610837757587,-0.777343213558,0.638422131538,0.621767044067,0.16264206171,-0.114230930805,-0.263265311718,0.51052826643,1.56484460831,0.419102042913,0.0820252522826,0.766288161278,-0.534453690052,-0.291086941957,-0.319966733456,-1.66469216347,-1.7444126606,0.843641877174,0.557721734047,0.00770346447825,-0.585142016411,-0.132583022118
-2.32329940796,-0.00877515412867,0.994118452072,0.996424615383,-0.0217409953475,-0.0106598380953,-0.0809423848987,0.0868381410837,0.823144197464,1.34379160404,0.898936510086,-0.568486988544,0.00803151074797,-0.240823239088,-0.599239885807,-0.741443276405,0.622710466385,0.703523218632,0.157832622528,0.0340645574033,-0.152948111296,0.488518238068,1.79648220539,0.769097626209,0.527479112148,0.842273294926,-0.376637011766,-0.280613303185,-0.130645006895,-0.695978760719,-1.68513834476,0.0528360940516,0.673106014729,-0.144357085228,-0.493886858225,0.00319331046194
-2.14638090134,0.0479679256678,1.0311948061,0.997188866138,-0.0161995422095,-0.00840559974313,-0.0726727843285,0.0378540605307,0.788036882877,1.31671524048,0.883809447289,-0.570322990417,-0.000358172110282,-0.204334080219,-0.611210048199,-0.856171071529,0.590182960033,0.652100801468,0.0967547893524,0.0709305331111,-0.122593320906,0.484813302755,1.76433539391,0.81539285183,0.576043844223,0.762741982937,-0.32495251298,-0.259358197451,-0.15020750463,-0.663426280022,-1.70880615711,0.0753904953599,0.617643713951,-0.134337380528,-0.453629046679,-0.0199010819197
-1.52691364288,0.104469053447,0.821561336517,0.996104955673,-0.0108395908028,-0.0736659020185,-0.0472315065563,0.231541842222,0.561079502106,1.51023030281,0.624605000019,0.104984104633,0.109895668924,-0.122360467911,-0.303325653076,-0.461824685335,0.37870618701,0.0984307602048,0.0851884782314,-0.0163572281599,-0.227884814143,0.448009371758,1.99852788448,0.865838825703,0.447862893343,0.514459133148,-0.585043728352,-0.488616347313,0.200570464134,0.0619549192488,-1.41707634926,-0.357391357422,0.306174784899,-0.0901072919369,-0.77340310812,0.215518504381
-1.8233653307,0.124611832201,0.776947379112,0.999911546707,0.00264868605882,0.0128117268905,0.00238701421767,-0.117858409882,0.635723233223,1.42087042332,0.617879092693,0.0416805073619,0.188071504235,-0.262855887413,-0.337999343872,-0.40975895524,0.358588367701,0.073898434639,0.161043405533,-0.0776314809918,-0.41848886013,0.541399359703,1.69024372101,0.732758402824,0.133859917521,0.598925828934,-0.683791816235,-0.716824471951,0.388585805893,0.597323834896,-1.49877047539,-1.10535919666,0.472421497107,0.097702562809,-0.79850935936,-0.144440829754
-2.29958319664,0.00804970599711,0.989840745926,0.99707108736,-0.0220576412976,-0.00956903863698,-0.0726032033563,0.0193112790585,0.837550640106,1.29830813408,0.909651577473,-0.582722067833,0.0481670424342,-0.238772809505,-0.635455667973,-0.780469954014,0.676394462585,0.635745465755,0.103302672505,0.0488498061895,-0.151312932372,0.510785102844,1.68035960197,0.835976004601,0.453409641981,0.84315764904,-0.43211966753,-0.274865299463,-0.130746558309,-0.425039589405,-1.61927294731,-0.158989995718,0.575939357281,-0.0961450338364,-0.498834371567,0.0240531507879
-2.18140220642,0.0383801162243,1.02854835987,0.997550845146,-0.0154311228544,-0.0103659071028,-0.0674289241433,0.0487987659872,0.803382575512,1.30016303062,0.877764940262,-0.590513288975,0.0192460082471,-0.206948935986,-0.681895852089,-0.875510632992,0.739581286907,0.64156717062,0.0570241734385,0.0633401498199,-0.143895044923,0.517954528332,1.73097717762,0.830375790596,0.524578988552,0.815026879311,-0.418249070644,-0.286550164223,-0.16613574326,-0.575937986374,-1.71860349178,0.0270963795483,0.599685013294,-0.124982096255,-0.49132797122,-0.0199546385556
-1.48777329922,0.0905185192823,0.778454005718,0.997260034084,-0.0276399441063,0.00655420823023,-0.0683052316308,-0.395975023508,0.98731392622,0.930420696735,1.05535435677,-0.0343803167343,0.0396688841283,-0.562918186188,-0.341059684753,-0.476089328527,0.920861959457,0.0361642874777,-0.115647152066,-0.121896207333,-0.337940186262,0.525006473064,1.51268017292,0.659003853798,-0.0464135780931,0.60747730732,-0.965463995934,-0.66781193018,0.717143714428,-1.33859562874,-1.33478021622,0.42480880022,0.331522792578,0.700445413589,-0.799398362637,0.144778832793
-1.61518371105,0.104302734137,0.773529231548,0.984270036221,-0.0797498226166,-0.0617685168982,-0.145041868091,0.030509006232,0.887529075146,0.863228499889,0.87528449297,-0.135410100222,-0.0616562254727,-0.173753678799,-0.0866297930479,-0.209060251713,0.327772021294,0.217220425606,0.113004148006,0.161162883043,-0.0319562628865,0.442060083151,1.69394218922,0.872706830502,0.240263834596,0.790701210499,-0.644774675369,-0.568155944347,0.350397855043,-0.487302064896,-1.51252233982,0.118806265295,-0.0166108589619,0.386886894703,-0.768363535404,-0.047937721014
-2.11705970764,0.0493908971548,1.03367984295,0.997727155685,-0.016493331641,-0.00325959525071,-0.0652529150248,0.00482074078172,0.811453461647,1.30748283863,0.899482667446,-0.516642391682,-0.0360467657447,-0.20320995152,-0.617963194847,-0.871927678585,0.607483327389,0.671414732933,0.12936347723,-0.0230622459203,-0.19869710505,0.531008839607,1.63407099247,0.555509030819,0.22656801343,0.703768312931,-0.495463967323,-0.294467836618,-0.348196983337,-1.40637004375,-1.80621385574,0.63332593441,0.516571521759,-0.0544148460031,-0.561722755432,-0.113360159099
-2.07138609886,0.102736860514,0.855082035065,0.999461233616,0.00680115213618,0.0278523750603,-0.0159776154906,-0.514592409134,0.625910758972,0.795007526875,1.01407027245,-0.129380717874,0.0143436901271,-0.261816293001,-0.408819645643,-0.786150693893,0.582042396069,0.00355925690383,-0.0544213689864,0.0279056821018,-0.269904226065,0.583525419235,1.09813976288,0.80582690239,-0.217345550656,0.481370717287,-0.456428319216,-0.508843541145,0.105105131865,0.419888049364,-1.54488444328,-0.645369946957,0.465708911419,0.172256782651,-0.572858273983,-0.00755120581016
-2.12876057625,0.106582209468,0.801753938198,0.99992454052,-0.00971962325275,0.00643438799307,0.00386486551724,-0.0667213872075,0.576632976532,1.03797316551,0.513220131397,-0.155532419682,-0.0460459552705,-0.162819117308,-0.467614352703,-0.696320295334,0.508587658405,0.0539931058884,0.021100634709,0.0977166667581,-0.128583416343,0.302230328321,1.47033250332,1.16664242744,0.537226974964,0.763341367245,-0.397709161043,-0.418194830418,-0.18796864152,-0.401030033827,-1.65215981007,-0.554915070534,0.29100266099,-0.161996617913,-0.472597151995,-0.205071523786
-1.57456147671,0.105600163341,0.82098197937,0.997177898884,-0.00994583591819,-0.0394443646073,-0.0630992203951,0.108943343163,0.590310275555,1.34748852253,0.68219268322,0.0477163679898,0.0385483056307,-0.283587187529,-0.387527793646,-0.439777672291,0.519457578659,0.232647836208,0.0626016184688,0.0180258136243,-0.203368663788,0.364780426025,2.0076174736,0.923062980175,0.510260403156,0.719275593758,-0.499491930008,-0.378029048443,0.0798278748989,-0.580776929855,-1.43102192879,0.0661431625485,0.260985314846,-0.0240307729691,-0.675169408321,-0.362339198589
-1.61234629154,0.105025082827,0.789944767952,0.995723903179,0.00172727287281,-0.0549637228251,-0.074229285121,0.101470328867,0.541049182415,1.53756535053,0.541456639767,0.163253888488,-0.0307185798883,-0.426629126072,-0.36865735054,-0.31359910965,0.777977347374,0.0722960159183,-0.0164384245872,-0.0416496247053,-0.292291134596,0.420058846474,1.92211294174,0.913690090179,0.338481217623,0.694406330585,-0.580452919006,-0.443766921759,0.229387819767,-1.23979151249,-1.35623466969,0.597280740738,0.30038061738,0.00584481656551,-0.803318679333,-0.46825003624
-1.55206429958,0.0957971960306,0.838729679585,0.998654782772,-0.0263300668448,-0.0326329432428,-0.0305016320199,0.195008933544,0.551831960678,1.54764676094,0.627781271935,0.201513200998,-0.0199691578746,-0.191203966737,-0.345908999443,-0.616531610489,0.428119063377,0.27981621027,0.0558275170624,-0.132811963558,-0.164384037256,0.382509082556,2.10024952888,0.864258348942,0.427565068007,0.471487611532,-0.423256754875,-0.38507771492,0.04271742329,-2.76195168495,-1.5710631609,1.91522109509,0.689735531807,0.0609425827861,-0.725324749947,-0.280295789242
-1.47097325325,0.085803322494,0.836740255356,0.995664060116,-0.00534464837983,-0.0816906020045,-0.0441722162068,0.194999232888,0.630458950996,1.33413362503,0.607560038567,0.250341892242,-0.0038785347715,-0.132867321372,-0.379597008228,-0.557075917721,0.488861888647,0.0559146292508,0.0697227045894,-0.133599221706,-0.201713874936,0.428432554007,2.14167833328,0.811661183834,0.319267362356,0.29432362318,-0.604775428772,-0.38891479373,-0.0825668275356,-2.66700863838,-1.68369042873,1.9809319973,0.683230757713,0.163589671254,-0.654244184494,-0.0451537184417
-1.57574951649,0.0876016691327,0.772925972939,0.999669969082,0.0142920175567,0.0169018805027,-0.0130378454924,-0.0656654313207,0.595517337322,1.50900816917,0.661159873009,0.0523418001831,0.211380586028,-0.288830161095,-0.369346380234,-0.385925382376,0.408372938633,0.00849660485983,0.177551209927,-0.072638861835,-0.429183244705,0.514214336872,1.72919464111,0.672371149063,0.12334151566,0.472060233355,-0.656925022602,-0.654490351677,0.361075401306,0.50314861536,-1.45705771446,-0.989372551441,0.451536089182,0.0764545202255,-0.802743077278,0.0136104077101
-1.95693182945,0.0868419110775,0.848102807999,0.99959808588,0.0195279233158,0.00366504606791,0.0202203150839,-0.190633356571,0.833497047424,1.10302114487,0.873688340187,0.149709969759,0.0102277789265,-0.480835825205,-0.515716314316,-0.350449055433,0.990022480488,0.263126552105,-0.0957159698009,-0.165463492274,-0.318282037973,0.523467361927,1.67347741127,0.62352514267,0.247579991817,0.130159646273,-0.554526090622,-0.545720458031,0.516161739826,-0.969953000546,-1.62022137642,0.120607890189,0.634257674217,0.321311742067,-0.66864490509,0.0513171292841
-2.20991373062,0.0229397639632,1.0301990509,0.997153818607,-0.0142275290564,-0.0101573895663,-0.0733391419053,0.055822186172,0.789997935295,1.32830345631,0.884084224701,-0.575771927834,0.00534319411963,-0.219501525164,-0.638161182404,-0.838655352592,0.638577520847,0.66346848011,0.105789355934,0.0719035714865,-0.132439360023,0.495640218258,1.76174199581,0.823901951313,0.579053163528,0.78210747242,-0.321674853563,-0.264855653048,-0.150109410286,-0.630364775658,-1.71785867214,0.0657655075192,0.631387591362,-0.121010415256,-0.44016328454,-0.00562258576974
-1.54660952091,0.103270299733,0.800325810909,0.998068630695,-0.00335870147683,-0.037090934813,-0.0497187711298,0.0396101512015,0.598837137222,1.34054970741,0.678000509739,0.140653118491,-0.0149214528501,-0.387378156185,-0.354426890612,-0.319749236107,0.604949951172,0.25817489624,0.0552236698568,-0.0427521243691,-0.245707333088,0.39830750227,1.96081960201,0.924428582191,0.374360233545,0.669176876545,-0.483122467995,-0.421745985746,0.13317681849,-1.03489232063,-1.43443775177,0.458449780941,0.236718371511,0.0589097179472,-0.714758872986,-0.375017553568
-2.28041243553,-0.00113743171096,0.986322522163,0.996044993401,-0.0205148737878,-0.0110135199502,-0.085744574666,0.0693849250674,0.819370806217,1.3163715601,0.935658931732,-0.590682566166,0.0096241356805,-0.263781100512,-0.594402492046,-0.734891474247,0.599681973457,0.638446986675,0.137202978134,0.0529651083052,-0.144392415881,0.474222421646,1.81851541996,0.767963349819,0.54040235281,0.79492777586,-0.292852431536,-0.260443538427,-0.119587384164,-0.795507848263,-1.66981267929,0.0652556866407,0.662391901016,-0.102734617889,-0.428498864174,0.0106735769659
-2.16179800034,0.0303723085672,1.02417182922,0.996298193932,-0.017783338204,-0.00843207351863,-0.0836811587214,0.100916996598,0.782181620598,1.34719479084,0.894009113312,-0.571417570114,-0.0192115753889,-0.239671781659,-0.58510440588,-0.806923568249,0.562451004982,0.664155602455,0.132707446814,0.0578614249825,-0.130249202251,0.459998428822,1.8551889658,0.769874095917,0.580605983734,0.756558895111,-0.252667278051,-0.255653172731,-0.1518804878,-1.28773272038,-1.68436455727,0.395860493183,0.715868592262,-0.132400751114,-0.420728117228,-0.0154120968655
-1.66653716564,0.104109153152,0.7674690485,0.999841153622,0.00493654888123,0.0167314875871,-0.00364071223885,-0.0375029444695,0.623649954796,1.49719583988,0.739208340645,-0.0150101147592,0.218083828688,-0.250454008579,-0.368035554886,-0.455723881721,0.36182141304,0.0731218457222,0.164638623595,-0.0565984509885,-0.423342168331,0.530326783657,1.72115170956,0.649075865746,0.146100088954,0.586693406105,-0.630734026432,-0.681171059608,0.349933624268,0.678697288036,-1.49014258385,-1.16553735733,0.554622650146,0.0309187173843,-0.7975949049,0.034781511873
-2.13808202744,0.0392995029688,1.01576399803,0.998442471027,-0.0175924766809,0.000144299920066,-0.0529451146722,-0.0277586635202,0.813694655895,1.35794389248,0.926968336105,-0.526074290276,-0.0563046857715,-0.237945765257,-0.650262176991,-0.903043270111,0.685283899307,0.6265655756,0.113772466779,-0.0806566849351,-0.239655971527,0.534535229206,1.56143593788,0.472843199968,0.112186208367,0.710737109184,-0.535412788391,-0.28892570734,-0.337344229221,-1.77453386784,-1.74975609779,1.03802680969,0.567201554775,0.0185375250876,-0.568855762482,-0.10617094487
-1.58383476734,0.104280844331,0.803603470325,0.993439614773,-0.0641011297703,-0.00254060793668,-0.0946689173579,-0.169527322054,0.928612112999,0.780071258545,0.776901364326,0.181933045387,-0.0487215965986,-0.327663838863,-0.24125470221,-0.457444339991,0.562377154827,0.248281747103,0.0959794223309,-0.0109863812104,-0.156151324511,0.424104779959,1.84772014618,0.71933811903,0.249136701226,0.412694364786,-0.408634275198,-0.613260805607,0.345025599003,-1.55998802185,-1.53454113007,0.56129860878,-0.0436843559146,0.130185812712,-0.573881089687,-0.450618267059
-2.18219971657,0.154287055135,0.770993888378,0.99249380827,-0.111287280917,0.00740940170363,-0.0501617565751,-0.392915129662,1.02376270294,0.782688319683,0.935629963875,0.0109046520665,0.116500288248,-0.371319234371,-0.123775705695,-0.456092983484,0.607224464417,-0.121746040881,0.0761679038405,0.154290854931,-0.0085580945015,0.547098398209,1.4537166357,1.01601672173,0.120177157223,0.528691709042,-0.428976893425,-0.508545875549,1.25817227364,0.397099792957,-1.26989245415,-0.446135699749,-0.120779804885,0.0483421683311,-0.675410866737,-0.261694818735
-1.98264694214,0.130693629384,0.862478971481,0.996969997883,-0.0579008236527,-0.00586562324315,-0.0516127943993,-0.173188611865,0.909687817097,0.861247479916,0.956162214279,0.0052022091113,-0.107659839094,-0.326774954796,-0.20044015348,-0.284860163927,0.423968166113,0.560081481934,0.060822930187,0.0843801945448,-0.0937385708094,0.549968361855,1.30528438091,0.830594778061,0.185137435794,0.950789690018,-0.656681537628,-0.523858487606,-0.0346023738384,-0.432076960802,-1.62710559368,-0.08175701648,0.35914811492,0.046222217381,-0.632400274277,-0.271749556065
-2.25144863129,0.00490499753505,1.01621580124,0.997744381428,-0.0158469043672,-0.00702167861164,-0.0648519471288,0.0620629191399,0.804358422756,1.32988381386,0.914390563965,-0.610358059406,0.0366103090346,-0.250155091286,-0.64264690876,-0.777616739273,0.668509483337,0.697885394096,0.113073393703,0.0455594360828,-0.156970202923,0.511714816093,1.68402004242,0.806963741779,0.483286798,0.825255692005,-0.389528691769,-0.272449940443,-0.146867543459,-0.492493987083,-1.67685103416,-0.0914907976985,0.610538125038,-0.109174340963,-0.486998587847,-0.0102158049121
-1.61573934555,0.0905003473163,0.765104293823,0.998849391937,0.0245873034,0.0409749373794,-0.00404378725216,-0.166144430637,0.637284100056,1.40555524826,0.801514208317,-0.0145073691383,0.234092831612,-0.393873900175,-0.419832020998,-0.37819570303,0.544322192669,-0.0699213594198,0.197643399239,-0.0955228954554,-0.435330092907,0.550288379192,1.53366780281,0.730302870274,-0.00406834948808,0.493199527264,-0.624853014946,-0.615004301071,0.457359164953,0.306075125933,-1.42638862133,-0.902305901051,0.332832068205,0.0208028107882,-0.78006529808,-0.00641013635322
-1.58652853966,0.101141475141,0.774556398392,0.995646595955,0.00408002827317,-0.0384365282953,-0.08481695503,0.130205720663,0.755335152149,1.09979438782,1.0873721838,-0.0922084003687,0.0933152735233,-0.546658277512,-0.445092797279,-0.282863229513,1.02329325676,0.133835077286,-0.0267832372338,0.00860572420061,-0.262952625751,0.458348572254,1.83873355389,0.878367364407,0.2792493999,0.502385735512,-0.483120113611,-0.495008707047,0.397383630276,-0.28674647212,-1.47595715523,-0.29308193922,0.0807194262743,0.0613054297864,-0.856620371342,-0.0387365110219
-2.27059197426,0.00611770432442,0.99654507637,0.996266186237,-0.0203531980515,-0.0100745055825,-0.0832940861583,0.0756405815482,0.805408656597,1.34358382225,0.87055683136,-0.561086773872,0.012380999513,-0.245034903288,-0.572828412056,-0.704194128513,0.535701036453,0.73176920414,0.182622253895,0.06118831411,-0.12650719285,0.45367655158,1.84661912918,0.793427526951,0.619007468224,0.823895871639,-0.287494152784,-0.287787646055,-0.120449259877,-0.711608707905,-1.69913208485,0.0580896139145,0.659901440144,-0.146492302418,-0.412749618292,0.0166675578803
-2.07140946388,0.0866557881236,0.978821873665,0.995669484138,-0.0650064796209,0.0232261549681,-0.0622663460672,-0.227974951267,1.01945376396,1.0909062624,1.09360909462,-0.475974977016,-0.0722206309438,-0.123903393745,-0.544138550758,-1.16846036911,0.748882591724,0.287859588861,-0.144818291068,0.00849777832627,-0.192334085703,0.594291746616,1.33551216125,0.557306408882,-0.0536391958594,0.707908213139,-0.610230326653,-0.382623285055,-0.20219181478,-0.661898314953,-1.77573239803,-0.259196043015,0.531919062138,0.107527315617,-0.581351995468,-0.0479771606624
-2.30250382423,-0.00197812076658,0.962055265903,0.997508764267,-0.0256536900997,-0.00972109381109,-0.0649891495705,0.00518692238256,0.860606253147,1.27045953274,0.934419810772,-0.604680418968,0.064364105463,-0.289082705975,-0.684890031815,-0.733206570148,0.79422980547,0.591977536678,0.0748293548822,0.0654860883951,-0.147705718875,0.52605420351,1.62007582188,0.842651307583,0.397914677858,0.888193309307,-0.454251825809,-0.298299968243,-0.0998348817229,-0.284301519394,-1.56234765053,-0.288278132677,0.574406206608,-0.0775336176157,-0.497632443905,0.0352829508483
-2.1416592598,0.0433742962778,1.00926864147,0.997897982597,-0.0176846105605,-0.00116086867638,-0.0623336844146,-0.0167687572539,0.772773742676,1.36931633949,0.849269926548,-0.48719650507,-0.0870329961181,-0.258339822292,-0.646697163582,-0.849427342415,0.667786896229,0.636724352837,0.109178066254,-0.0631053745747,-0.224172383547,0.53178024292,1.6129720211,0.468802779913,0.143976673484,0.673797190189,-0.502474009991,-0.274346232414,-0.368143498898,-1.68314051628,-1.80745518208,0.875138878822,0.542841732502,-0.00872259773314,-0.572021961212,-0.12737891078
-1.75394904613,0.100105211139,0.755545854568,0.998815357685,0.0404250957072,0.026286508888,-0.00653613545001,-0.102888889611,0.587166666985,1.46603620052,0.83698362112,-0.019336828962,0.262620776892,-0.27624335885,-0.473410278559,-0.383727759123,0.450508594513,-0.044163890183,0.256404042244,-0.0371789783239,-0.441190034151,0.541673958302,1.65996956825,0.680812180042,0.136282116175,0.431136488914,-0.658006906509,-0.621679484844,0.546928942204,0.406541585922,-1.44008994102,-0.924410581589,0.270121634007,0.0122022060677,-0.840615570545,-0.0595144405961
-2.05494141579,0.152007132769,0.905158162117,0.992850899696,-0.0622534267604,-0.00540239317343,-0.101697579026,-0.297803461552,0.83316719532,0.726996064186,1.0605713129,-0.282713443041,-0.222176536918,-0.317303240299,-0.253509104252,-0.554664850235,0.414368450642,0.517648637295,-0.078503780067,0.204824924469,-0.062123477459,0.517357885838,1.32660853863,0.84569144249,0.322825908661,1.06274402142,-0.77412211895,-0.385901510715,-0.311334133148,-0.367339551449,-1.58423483372,-0.212809100747,0.299734055996,0.105173125863,-0.581421136856,-0.29115447402
-2.04628396034,0.166983157396,1.00886690617,0.994035899639,0.0517218485475,0.0164048522711,-0.0945957973599,-0.264412790537,0.331522226334,0.794051587582,0.653558552265,-0.132727563381,-0.345263779163,-0.476288110018,-0.669987797737,-0.572956562042,0.41521435976,0.758915960789,0.281893849373,0.0994469374418,-0.188301950693,0.470066010952,1.8142541647,0.67402857542,0.317324489355,0.357984095812,-0.466361403465,-0.295767009258,-0.379229903221,-2.2650039196,-1.843277812,1.40049350262,0.463666439056,0.132161170244,-0.456398695707,-0.120300583541
-2.02195048332,0.153468906879,1.01713526249,0.993462502956,0.0307462848723,0.0253935009241,-0.106967888772,-0.410544037819,0.49343329668,0.820494413376,0.958066165447,-0.257727742195,-0.337965637445,-0.445383578539,-0.612184762955,-0.852751255035,0.473611116409,0.76698499918,0.0761957541108,0.155936717987,-0.206902861595,0.517126917839,1.45263290405,0.712107300758,0.242617428303,0.832295000553,-0.468508720398,-0.209554329515,-0.372259378433,-2.09873628616,-1.79670083523,1.33002877235,0.602978408337,0.133811786771,-0.440463989973,-0.153812065721
-2.10390305519,0.057954531163,1.01989066601,0.998206555843,-0.0136472834274,0.00131056294776,-0.0582727491856,-0.0551529861987,0.799890100956,1.31936466694,0.907260656357,-0.527852296829,-0.069530852139,-0.271195173264,-0.688284277916,-0.866762518883,0.697312235832,0.635378718376,0.0774190872908,-0.0627578794956,-0.234578624368,0.534214556217,1.59905409813,0.475874692202,0.149030014873,0.704892039299,-0.548077106476,-0.280696839094,-0.394856184721,-1.69380009174,-1.87744879723,0.887369990349,0.513170957565,0.00565213151276,-0.568052530289,-0.163273066282
-1.57515859604,0.107849039137,0.818420410156,0.998222351074,0.000806505326182,-0.0434953607619,-0.0407375283539,0.134713709354,0.602244973183,1.4636361599,0.687061071396,0.16597469151,0.0622239969671,-0.27297359705,-0.343451559544,-0.438494086266,0.472396731377,0.176747560501,0.0643313005567,-0.106883779168,-0.272251307964,0.429083734751,1.97227919102,0.902690291405,0.356113433838,0.562215685844,-0.571511745453,-0.507196545601,0.16990031302,-1.49081170559,-1.60433876514,0.645241558552,0.449623703957,0.153898462653,-0.78052097559,-0.18487483263
-2.45589637756,-0.0108804171905,0.841502726078,0.997991025448,-0.0404157042503,0.0349726900458,-0.0340212248266,-0.348119556904,0.95666128397,1.19547963142,0.789241433144,-0.413806498051,0.129090681672,-0.463661521673,-0.642968535423,-0.645569324493,1.08800959587,0.329128503799,-0.0114605417475,0.0542758144438,-0.150547221303,0.607382118702,1.22093164921,1.38538467884,0.353926807642,0.455566227436,-0.539379775524,-0.50916904211,0.933725118637,0.628741919994,-1.04223608971,-0.678930222988,0.593065202236,-0.120568208396,-0.652543544769,0.0981702059507
